filename,label,license,license_url,creator,credit,source_page,original_url,verification_status,notes
acorns-oak.jpg,Acorns / oak,CC BY 4.0,https://creativecommons.org/licenses/by/4.0,iNaturalist user: klicklo,https://www.inaturalist.org/photos/438318584,https://commons.wikimedia.org/wiki/File:Quercus_berberidifolia_%C3%97_durata.jpg,https://upload.wikimedia.org/wikipedia/commons/5/5b/Quercus_berberidifolia_%C3%97_durata.jpg?utm_source=commons.wikimedia.org&utm_campaign=imageinfo&utm_content=original,verified_from_wikimedia_manifest,
agar-seaweed.jpg,Agar seaweed,CC0,http://creativecommons.org/publicdomain/zero/1.0/deed.en,Fumikas Sagisavas,Own work,https://commons.wikimedia.org/wiki/File:Water-soaked_gelidium.jpg,https://upload.wikimedia.org/wikipedia/commons/c/c9/Water-soaked_gelidium.jpg?utm_source=commons.wikimedia.org&utm_campaign=imageinfo&utm_content=original,verified_from_wikimedia_manifest,Replaced after contact-sheet review rejected a non-field image.
agarikon.jpg,Agarikon,Could not be independently verified,,Could not be independently verified,Original source and creator were not present in the available project records.,,,unverified_source_retained,Image retained at the owner's direction; replace or verify before public release if licensing cannot be established.
agave.jpg,Agave,Could not be independently verified,,Could not be independently verified,Original source and creator were not present in the available project records.,,,unverified_source_retained,Image retained at the owner's direction; replace or verify before public release if licensing cannot be established.
agrimony.jpg,Agrimony,CC BY-SA 4.0,https://creativecommons.org/licenses/by-sa/4.0,Ryan Hodnett,Own work,https://commons.wikimedia.org/wiki/File:Common_Agrimony_(Agrimonia_gryposepala)_-_MacGregor_Point_Provincial_Park.jpg,https://upload.wikimedia.org/wikipedia/commons/2/26/Common_Agrimony_%28Agrimonia_gryposepala%29_-_MacGregor_Point_Provincial_Park.jpg?utm_source=commons.wikimedia.org&utm_campaign=imageinfo&utm_content=original,verified_from_wikimedia_manifest,
alaska-wormwood.jpg,Alaska wormwood,Could not be independently verified,,Could not be independently verified,Original source and creator were not present in the available project records.,,,unverified_source_retained,Image retained at the owner's direction; replace or verify before public release if licensing cannot be established.
alder.jpg,Alder,CC BY 2.5,https://creativecommons.org/licenses/by/2.5,Willow,Own work,https://commons.wikimedia.org/wiki/File:Alnus_glutinosa_011.jpg,https://upload.wikimedia.org/wikipedia/commons/1/1a/Alnus_glutinosa_011.jpg?utm_source=commons.wikimedia.org&utm_campaign=imageinfo&utm_content=original,verified_from_wikimedia_manifest,
alkali-sacaton.jpg,Alkali sacaton,CC BY-SA 2.0,https://creativecommons.org/licenses/by-sa/2.0,Matt Lavin,originally uploaded to Flickr as Sporobolus airoides,https://commons.wikimedia.org/wiki/File:Sporobolus_airoides_(3912523640).jpg,https://upload.wikimedia.org/wikipedia/commons/9/95/Sporobolus_airoides_%283912523640%29.jpg?utm_source=commons.wikimedia.org&utm_campaign=imageinfo&utm_content=original,verified_from_wikimedia_manifest,Resolved from the lead image of https://en.wikipedia.org/wiki/Sporobolus_airoides
allegheny-chinquapin.jpg,Allegheny chinquapin,CC BY 4.0,https://creativecommons.org/licenses/by/4.0,Michael Ellis,https://www.inaturalist.org/photos/18642629,https://commons.wikimedia.org/wiki/File:Castanea_pumila_leaves_and_flowers.jpg,https://upload.wikimedia.org/wikipedia/commons/c/c6/Castanea_pumila_leaves_and_flowers.jpg?utm_source=commons.wikimedia.org&utm_campaign=imageinfo&utm_content=original,verified_from_wikimedia_manifest,Resolved from the lead image of https://en.wikipedia.org/wiki/Castanea_pumila
allspice.jpg,Allspice,CC BY-SA 3.0,http://creativecommons.org/licenses/by-sa/3.0/,David Monniaux,Own work,https://commons.wikimedia.org/wiki/File:Pimenta_dioica_dsc07807.jpg,https://upload.wikimedia.org/wikipedia/commons/d/d1/Pimenta_dioica_dsc07807.jpg?utm_source=commons.wikimedia.org&utm_campaign=imageinfo&utm_content=original,verified_from_wikimedia_manifest,Replaced after contact-sheet review rejected a non-field image.
almond.jpg,Almond,CC BY-SA 4.0,https://creativecommons.org/licenses/by-sa/4.0,Ivar Leidus,Own work,"https://commons.wikimedia.org/wiki/File:Almonds_-_in_shell,_shell_cracked_open,_shelled,_blanched.jpg",https://upload.wikimedia.org/wikipedia/commons/3/37/Almonds_-_in_shell%2C_shell_cracked_open%2C_shelled%2C_blanched.jpg?utm_source=commons.wikimedia.org&utm_campaign=imageinfo&utm_content=original,verified_from_wikimedia_manifest,Resolved from the lead image of https://en.wikipedia.org/wiki/Almond
aloe-sabila.jpg,Aloe / sábila,Could not be independently verified,,Could not be independently verified,Original source and creator were not present in the available project records.,,,unverified_source_retained,Image retained at the owner's direction; replace or verify before public release if licensing cannot be established.
alum.jpg,Alum,Public domain,,No machine-readable author provided. Walkerma assumed (based on copyright claims).,No machine-readable source provided. Own work assumed (based on copyright claims).,https://commons.wikimedia.org/wiki/File:Alum.jpg,https://upload.wikimedia.org/wikipedia/commons/7/77/Alum.jpg?utm_source=commons.wikimedia.org&utm_campaign=imageinfo&utm_content=original,verified_from_wikimedia_manifest,
alumroot.jpg,Alumroot,CC BY-SA 4.0,https://creativecommons.org/licenses/by-sa/4.0,Eric Hunt,Own work,https://commons.wikimedia.org/wiki/File:Heuchera_americana_Arkansas.jpg,https://upload.wikimedia.org/wikipedia/commons/f/f7/Heuchera_americana_Arkansas.jpg?utm_source=commons.wikimedia.org&utm_campaign=imageinfo&utm_content=original,verified_from_wikimedia_manifest,Resolved from the lead image of https://en.wikipedia.org/wiki/Heuchera_americana
amber-necklace-teething.jpg,Amber Necklace Teething,Could not be independently verified,,Could not be independently verified,Original source and creator were not present in the available project records.,,,unverified_source_retained,Image retained at the owner's direction; replace or verify before public release if licensing cannot be established.
american-beautyberry-illustration.jpg,American Beautyberry,Could not be independently verified,,Could not be independently verified,Original source and creator were not present in the available project records.,,,unverified_source_retained,Image retained at the owner's direction; replace or verify before public release if licensing cannot be established.
american-beautyberry-leaves.jpg,American beautyberry leaves,Could not be independently verified,,Could not be independently verified,Original source and creator were not present in the available project records.,,,unverified_source_retained,Image retained at the owner's direction; replace or verify before public release if licensing cannot be established.
american-beech.jpg,American beech,Could not be independently verified,,Could not be independently verified,Original source and creator were not present in the available project records.,,,unverified_source_retained,Image retained at the owner's direction; replace or verify before public release if licensing cannot be established.
american-bittersweet.jpg,American bittersweet,Could not be independently verified,,Could not be independently verified,Original source and creator were not present in the available project records.,,,unverified_source_retained,Image retained at the owner's direction; replace or verify before public release if licensing cannot be established.
american-black-nightshade-illustration.jpg,American Black Nightshade,Could not be independently verified,,Could not be independently verified,Original source and creator were not present in the available project records.,,,unverified_source_retained,Image retained at the owner's direction; replace or verify before public release if licensing cannot be established.
american-chestnut.jpg,American chestnut,Could not be independently verified,,Could not be independently verified,Original source and creator were not present in the available project records.,,,unverified_source_retained,Image retained at the owner's direction; replace or verify before public release if licensing cannot be established.
american-elderberry-illustration.jpg,American Elderberry,Could not be independently verified,,Could not be independently verified,Original source and creator were not present in the available project records.,,,unverified_source_retained,Image retained at the owner's direction; replace or verify before public release if licensing cannot be established.
american-elm-bark-tea.jpg,American elm bark tea,Could not be independently verified,,Could not be independently verified,Original source and creator were not present in the available project records.,,,unverified_source_retained,Image retained at the owner's direction; replace or verify before public release if licensing cannot be established.
american-germander.jpg,American germander,Public domain,,"Robert H. Mohlenbrock. USDA SCS. 1989. Midwest wetland flora: Field office illustrated guide to plant species. Midwest National Technical Center, Lincoln. Courtesy of USDA NRCS Wetland Science Institute.","USDA-NRCS PLANTS Database / USDA SCS. 1989. Midwest wetland flora: Field office illustrated guide to plant species. Midwest National Technical Center, Lincoln.",https://commons.wikimedia.org/wiki/File:Teucrium_canadense_NRCS-1.jpg,https://upload.wikimedia.org/wikipedia/commons/d/d9/Teucrium_canadense_NRCS-1.jpg?utm_source=commons.wikimedia.org&utm_campaign=imageinfo&utm_content=original,verified_from_wikimedia_manifest,
american-ginseng.jpg,American ginseng,Public domain,,"Pittillo, Dan J.",https://digitalmedia.fws.gov/digital/collection/natdiglib/id/3236,https://commons.wikimedia.org/wiki/File:Panax_quinquefolius_FWS.jpg,https://upload.wikimedia.org/wikipedia/commons/1/1f/Panax_quinquefolius_FWS.jpg?utm_source=commons.wikimedia.org&utm_campaign=imageinfo&utm_content=original,verified_from_wikimedia_manifest,
american-hazelnut.jpg,American hazelnut,Public domain,,,,https://commons.wikimedia.org/wiki/File:Corylus_americana1.jpg,https://upload.wikimedia.org/wikipedia/commons/d/dc/Corylus_americana1.jpg?utm_source=commons.wikimedia.org&utm_campaign=imageinfo&utm_content=original,verified_from_wikimedia_manifest,Resolved from the lead image of https://en.wikipedia.org/wiki/Corylus_americana
american-holly-leaf-tea.jpg,American holly leaf tea,Could not be independently verified,,Could not be independently verified,Original source and creator were not present in the available project records.,,,unverified_source_retained,Image retained at the owner's direction; replace or verify before public release if licensing cannot be established.
american-lotus.jpg,American lotus,CC BY 4.0,https://creativecommons.org/licenses/by/4.0,Trevor Edmonson,https://www.inaturalist.org/photos/4494539,"https://commons.wikimedia.org/wiki/File:Nelumbo_lutea,_American_lotus_at_Dixon_Waterfowl_Refuge.jpg",https://upload.wikimedia.org/wikipedia/commons/6/66/Nelumbo_lutea%2C_American_lotus_at_Dixon_Waterfowl_Refuge.jpg?utm_source=commons.wikimedia.org&utm_campaign=imageinfo&utm_content=original,verified_from_wikimedia_manifest,
american-persimmon-bark.jpg,American persimmon bark,Could not be independently verified,,Could not be independently verified,Original source and creator were not present in the available project records.,,,unverified_source_retained,Image retained at the owner's direction; replace or verify before public release if licensing cannot be established.
american-persimmon.jpg,American persimmon,CC0,http://creativecommons.org/publicdomain/zero/1.0/deed.en,pynklynx,https://www.inaturalist.org/photos/450936388,https://commons.wikimedia.org/wiki/File:Diospyros_virginiana_450936388.jpg,https://upload.wikimedia.org/wikipedia/commons/4/42/Diospyros_virginiana_450936388.jpg?utm_source=commons.wikimedia.org&utm_campaign=imageinfo&utm_content=original,verified_from_wikimedia_manifest,
american-plum.jpg,American plum,CC BY-SA 2.0,https://creativecommons.org/licenses/by-sa/2.0,"Matt Lavin from Bozeman, Montana, USA",Prunus americana - American (wild) plum,https://commons.wikimedia.org/wiki/File:Prunus_americana_-_American_(wild)_plum_-_Flickr_-_Matt_Lavin.jpg,https://upload.wikimedia.org/wikipedia/commons/1/13/Prunus_americana_-_American_%28wild%29_plum_-_Flickr_-_Matt_Lavin.jpg?utm_source=commons.wikimedia.org&utm_campaign=imageinfo&utm_content=original,verified_from_wikimedia_manifest,
american-skullcap-tea.jpg,American skullcap tea,Could not be independently verified,,Could not be independently verified,Original source and creator were not present in the available project records.,,,unverified_source_retained,Image retained at the owner's direction; replace or verify before public release if licensing cannot be established.
american-spikenard.jpg,American spikenard,Public domain,,Urban,Own work,https://commons.wikimedia.org/wiki/File:Aralia_racemosa1.jpg,https://upload.wikimedia.org/wikipedia/commons/2/20/Aralia_racemosa1.jpg?utm_source=commons.wikimedia.org&utm_campaign=imageinfo&utm_content=original,verified_from_wikimedia_manifest,Resolved from the lead image of https://en.wikipedia.org/wiki/Aralia_racemosa
american-sycamore.jpg,American sycamore,CC BY-SA 4.0,https://creativecommons.org/licenses/by-sa/4.0,Whoisjohngalt,Own work,https://commons.wikimedia.org/wiki/File:Moon_Tree_in_Keystone_Heights_Florida.jpg,https://upload.wikimedia.org/wikipedia/commons/8/84/Moon_Tree_in_Keystone_Heights_Florida.jpg?utm_source=commons.wikimedia.org&utm_campaign=imageinfo&utm_content=original,verified_from_wikimedia_manifest,Exact real-photo replacement selected after contact-sheet review.
american-vetch.jpg,American vetch,CC BY-SA 3.0,https://creativecommons.org/licenses/by-sa/3.0,Walter Siegmund (talk),Own work,https://commons.wikimedia.org/wiki/File:Vicia_americana_5828.JPG,https://upload.wikimedia.org/wikipedia/commons/3/3a/Vicia_americana_5828.JPG?utm_source=commons.wikimedia.org&utm_campaign=imageinfo&utm_content=original,verified_from_wikimedia_manifest,Resolved from the lead image of https://en.wikipedia.org/wiki/Vicia_americana
angelica.jpg,Angelica,CC BY-SA 3.0,https://creativecommons.org/licenses/by-sa/3.0,Christian Fischer,"Own work . Location: North-eastern Lower Saxony, Germany.",https://commons.wikimedia.org/wiki/File:AngelicaArchangelica1.jpg,https://upload.wikimedia.org/wikipedia/commons/7/76/AngelicaArchangelica1.jpg?utm_source=commons.wikimedia.org&utm_campaign=imageinfo&utm_content=original,verified_from_wikimedia_manifest,Replaced after contact-sheet review rejected a non-field image.
animal-hide-poultice.jpg,Animal Hide Poultice,CC0,http://creativecommons.org/publicdomain/zero/1.0/deed.en,Marné Lierman,https://www.flickr.com/photos/109521686@N05/30309430343/,https://commons.wikimedia.org/wiki/File:Rawhide_chair_weave_detail_in_the_Jacob_Hamblin_House.jpg,https://upload.wikimedia.org/wikipedia/commons/c/ca/Rawhide_chair_weave_detail_in_the_Jacob_Hamblin_House.jpg?utm_source=commons.wikimedia.org&utm_campaign=imageinfo&utm_content=original,verified_from_wikimedia_manifest,Illustrative close-up of rawhide material; it does not depict a medical splint or dressing.
anise-hyssop-tea.jpg,Anise hyssop tea,Could not be independently verified,,Could not be independently verified,Original source and creator were not present in the available project records.,,,unverified_source_retained,Image retained at the owner's direction; replace or verify before public release if licensing cannot be established.
antelope-bitterbrush.jpg,Antelope bitterbrush,Could not be independently verified,,Could not be independently verified,Original source and creator were not present in the available project records.,,,unverified_source_retained,Image retained at the owner's direction; replace or verify before public release if licensing cannot be established.
antelope-sage-buckwheat.jpg,Antelope sage buckwheat,Could not be independently verified,,Could not be independently verified,Original source and creator were not present in the available project records.,,,unverified_source_retained,Image retained at the owner's direction; replace or verify before public release if licensing cannot be established.
apache-plume.jpg,Apache plume,Could not be independently verified,,Could not be independently verified,Original source and creator were not present in the available project records.,,,unverified_source_retained,Image retained at the owner's direction; replace or verify before public release if licensing cannot be established.
apple-cider-vinegar-tonic.jpg,Apple Cider Vinegar Tonic,CC BY-SA 4.0,https://creativecommons.org/licenses/by-sa/4.0,Silar,Own work,https://commons.wikimedia.org/wiki/File:02023_0257_Apple_cider_vinegar.jpg,https://upload.wikimedia.org/wikipedia/commons/e/e3/02023_0257_Apple_cider_vinegar.jpg?utm_source=commons.wikimedia.org&utm_campaign=imageinfo&utm_content=original,verified_from_wikimedia_manifest,"Photograph of bottled apple vinegar, replacing an unrelated winter-tree image; it does not depict tonic preparation or a vinegar compress."
apricot.jpg,Apricot,CC BY-SA 3.0,https://creativecommons.org/licenses/by-sa/3.0,Andrey Butko,Own work,https://commons.wikimedia.org/wiki/File:Prunus_armeniaca_in_Donetsk.jpg,https://upload.wikimedia.org/wikipedia/commons/c/cf/Prunus_armeniaca_in_Donetsk.jpg?utm_source=commons.wikimedia.org&utm_campaign=imageinfo&utm_content=original,verified_from_wikimedia_manifest,
aquavit.jpg,Aquavit,Could not be independently verified,,Could not be independently verified,Original source and creator were not present in the available project records.,,,unverified_source_retained,Image retained at the owner's direction; replace or verify before public release if licensing cannot be established.
arnica-st-johns-wort-oil.jpg,Arnica & St. John's wort oil,Could not be independently verified,,Could not be independently verified,Original source and creator were not present in the available project records.,,,unverified_source_retained,Image retained at the owner's direction; replace or verify before public release if licensing cannot be established.
arrow-arum.jpg,Arrow arum,Public domain,,Miguel Andrade,Own work,https://commons.wikimedia.org/wiki/File:Peltandra_virginica_MA.jpg,https://upload.wikimedia.org/wikipedia/commons/3/3b/Peltandra_virginica_MA.jpg?utm_source=commons.wikimedia.org&utm_campaign=imageinfo&utm_content=original,verified_from_wikimedia_manifest,Resolved from the lead image of https://en.wikipedia.org/wiki/Peltandra_virginica
arrowroot.jpg,Arrowroot,CC BY-SA 3.0,https://creativecommons.org/licenses/by-sa/3.0,Wibowo Djatmiko ( Wie146 ),Own work,https://commons.wikimedia.org/wiki/File:Marant_arund_090103-5154_rwg.JPG,https://upload.wikimedia.org/wikipedia/commons/1/16/Marant_arund_090103-5154_rwg.JPG?utm_source=commons.wikimedia.org&utm_campaign=imageinfo&utm_content=original,verified_from_wikimedia_manifest,Resolved from the lead image of https://en.wikipedia.org/wiki/Maranta_arundinacea
arrowwood-viburnum.jpg,Arrowwood viburnum,Could not be independently verified,,Could not be independently verified,Original source and creator were not present in the available project records.,,,unverified_source_retained,Image retained at the owner's direction; replace or verify before public release if licensing cannot be established.
artists-conk.jpg,Artist's conk,Public domain,,George Chernilevsky,Own work,https://commons.wikimedia.org/wiki/File:Ganoderma_applanatum_2010_G1.jpg,https://upload.wikimedia.org/wikipedia/commons/7/79/Ganoderma_applanatum_2010_G1.jpg?utm_source=commons.wikimedia.org&utm_campaign=imageinfo&utm_content=original,verified_from_wikimedia_manifest,
avocado.jpg,Avocado,CC BY-SA 3.0,https://creativecommons.org/licenses/by-sa/3.0,B.navez,Own work,https://commons.wikimedia.org/wiki/File:Persea_americana_fruit_2.JPG,https://upload.wikimedia.org/wikipedia/commons/f/f2/Persea_americana_fruit_2.JPG?utm_source=commons.wikimedia.org&utm_campaign=imageinfo&utm_content=original,verified_from_wikimedia_manifest,Resolved from the lead image of https://en.wikipedia.org/wiki/Avocado
axle-grease-wound-dressing.jpg,Axle-Grease Wound Dressing,CC BY 2.0,https://creativecommons.org/licenses/by/2.0,Boston Public Library,Mica Axle Grease has no equal. Use half as much Mica Axle Grease and two horses can do the work. (front),https://commons.wikimedia.org/wiki/File:Mica_Axle_Grease_has_no_equal._Use_half_as_much_Mica_Axle_Grease_and_two_horses_can_do_the_work._(front)_(8960905059).jpg,https://upload.wikimedia.org/wikipedia/commons/c/c0/Mica_Axle_Grease_has_no_equal._Use_half_as_much_Mica_Axle_Grease_and_two_horses_can_do_the_work._%28front%29_%288960905059%29.jpg?utm_source=commons.wikimedia.org&utm_campaign=imageinfo&utm_content=original,verified_from_wikimedia_manifest,Historical American axle-grease advertising card; it does not depict medical use.
bakers-yeast.jpg,Baker's yeast,CC BY 3.0,https://creativecommons.org/licenses/by/3.0,Mogana Das Murtey and Patchamuthu Ramasamy,https://www.intechopen.com/chapters/49652,https://commons.wikimedia.org/wiki/File:Saccharomyces_cerevisiae_SEM.jpg,https://upload.wikimedia.org/wikipedia/commons/9/95/Saccharomyces_cerevisiae_SEM.jpg?utm_source=commons.wikimedia.org&utm_campaign=imageinfo&utm_content=original,verified_from_wikimedia_manifest,Resolved from the lead image of https://en.wikipedia.org/wiki/Saccharomyces_cerevisiae
baking-soda.jpg,Baking Soda,Could not be independently verified,,Could not be independently verified,Original source and creator were not present in the available project records.,,,unverified_source_retained,Image retained at the owner's direction; replace or verify before public release if licensing cannot be established.
bald-cypress.jpg,Bald cypress,Public domain,,,,https://commons.wikimedia.org/wiki/File:Taxodium_distichum_NRCSMS01010.jpg,https://upload.wikimedia.org/wikipedia/commons/4/46/Taxodium_distichum_NRCSMS01010.jpg?utm_source=commons.wikimedia.org&utm_campaign=imageinfo&utm_content=original,verified_from_wikimedia_manifest,Resolved from the lead image of https://en.wikipedia.org/wiki/Taxodium_distichum
balmony-turtlehead-tea.jpg,Balmony Turtlehead Tea,Could not be independently verified,,Could not be independently verified,Original source and creator were not present in the available project records.,,,unverified_source_retained,Image retained at the owner's direction; replace or verify before public release if licensing cannot be established.
balsam-fir-pitch.jpg,Balsam fir pitch,Could not be independently verified,,Could not be independently verified,Original source and creator were not present in the available project records.,,,unverified_source_retained,Image retained at the owner's direction; replace or verify before public release if licensing cannot be established.
balsamroot.jpg,Balsamroot,Could not be independently verified,,Could not be independently verified,Original source and creator were not present in the available project records.,,,unverified_source_retained,Image retained at the owner's direction; replace or verify before public release if licensing cannot be established.
barley.jpg,Barley,CC BY 2.0,https://creativecommons.org/licenses/by/2.0,"Cliff from Arlington, Virginia, USA",Barley (Hordeum vulgare),https://commons.wikimedia.org/wiki/File:Barley_(Hordeum_vulgare)_-_United_States_National_Arboretum_-_24_May_2009.jpg,https://upload.wikimedia.org/wikipedia/commons/2/20/Barley_%28Hordeum_vulgare%29_-_United_States_National_Arboretum_-_24_May_2009.jpg?utm_source=commons.wikimedia.org&utm_campaign=imageinfo&utm_content=original,verified_from_wikimedia_manifest,Resolved from the lead image of https://en.wikipedia.org/wiki/Barley
basil.jpg,Basil,CC BY-SA 4.0,https://creativecommons.org/licenses/by-sa/4.0,Photo by David J. Stang,source: David Stang. First published at ZipcodeZoo.com,https://commons.wikimedia.org/wiki/File:Ocimum_basilicum_8zz.jpg,https://upload.wikimedia.org/wikipedia/commons/9/97/Ocimum_basilicum_8zz.jpg?utm_source=commons.wikimedia.org&utm_campaign=imageinfo&utm_content=original,verified_from_wikimedia_manifest,Resolved from the lead image of https://en.wikipedia.org/wiki/Basil
basswood-inner-bark-cordage.jpg,Basswood Inner Bark Cordage,CC BY-SA 2.0,https://creativecommons.org/licenses/by-sa/2.0,Plant Image Library,Tilia americana (American Linden),https://commons.wikimedia.org/wiki/File:Tilia_americana_(American_Linden)_(28268263222).jpg,https://upload.wikimedia.org/wikipedia/commons/7/74/Tilia_americana_%28American_Linden%29_%2828268263222%29.jpg?utm_source=commons.wikimedia.org&utm_campaign=imageinfo&utm_content=original,verified_from_wikimedia_manifest,Exact species: Tilia americana. It does not depict cordage preparation.
beach-plum.jpg,Beach plum,Public domain,,,,https://commons.wikimedia.org/wiki/File:Prunus_maritima.jpg,https://upload.wikimedia.org/wikipedia/commons/5/57/Prunus_maritima.jpg?utm_source=commons.wikimedia.org&utm_campaign=imageinfo&utm_content=original,verified_from_wikimedia_manifest,Resolved from the lead image of https://en.wikipedia.org/wiki/Prunus_maritima
beaked-hazelnut.jpg,Beaked hazelnut,Public domain,,,,https://commons.wikimedia.org/wiki/File:Corylus_cornuta.jpg,https://upload.wikimedia.org/wikipedia/commons/1/1d/Corylus_cornuta.jpg?utm_source=commons.wikimedia.org&utm_campaign=imageinfo&utm_content=original,verified_from_wikimedia_manifest,Resolved from the lead image of https://en.wikipedia.org/wiki/Corylus_cornuta
bear-grease.jpg,Bear grease,Could not be independently verified,,Could not be independently verified,Original source and creator were not present in the available project records.,,,unverified_source_retained,Image retained at the owner's direction; replace or verify before public release if licensing cannot be established.
beargrass.jpg,Beargrass,CC BY-SA 3.0,https://creativecommons.org/licenses/by-sa/3.0,Stan Shebs,Own work,https://commons.wikimedia.org/wiki/File:Nolina_microcarpa_inflorescence_2.jpg,https://upload.wikimedia.org/wikipedia/commons/2/22/Nolina_microcarpa_inflorescence_2.jpg?utm_source=commons.wikimedia.org&utm_campaign=imageinfo&utm_content=original,verified_from_wikimedia_manifest,Resolved from the lead image of https://en.wikipedia.org/wiki/Nolina_microcarpa
bears-foot-poultice.jpg,Bear's foot poultice,Could not be independently verified,,Could not be independently verified,Original source and creator were not present in the available project records.,,,unverified_source_retained,Image retained at the owner's direction; replace or verify before public release if licensing cannot be established.
beautyberry-seminole-alabama.jpg,Beautyberry Seminole Alabama,Could not be independently verified,,Could not be independently verified,Original source and creator were not present in the available project records.,,,unverified_source_retained,Image retained at the owner's direction; replace or verify before public release if licensing cannot be established.
beaver-castoreum.jpg,Beaver Castoreum,Could not be independently verified,,Could not be independently verified,Original source and creator were not present in the available project records.,,,unverified_source_retained,Image retained at the owner's direction; replace or verify before public release if licensing cannot be established.
beef-tea-bone-broth.jpg,Beef Tea Bone Broth,Could not be independently verified,,Could not be independently verified,Original source and creator were not present in the available project records.,,,unverified_source_retained,Image retained at the owner's direction; replace or verify before public release if licensing cannot be established.
beer-soup.jpg,Beer Soup (Pivní Polévka),CC BY-SA 4.0,https://creativecommons.org/licenses/by-sa/4.0,GeoO,Own work,https://commons.wikimedia.org/wiki/File:Beer_soup_ingredients.png,https://upload.wikimedia.org/wikipedia/commons/a/a9/Beer_soup_ingredients.png?utm_source=commons.wikimedia.org&utm_campaign=imageinfo&utm_content=original,verified_from_wikimedia_manifest,Modern Armenian-language beer-soup ingredient illustration; it is not Czech-American or historical.
beeswax-salve-base.jpg,Beeswax salve base,Could not be independently verified,,Could not be independently verified,Original source and creator were not present in the available project records.,,,unverified_source_retained,Image retained at the owner's direction; replace or verify before public release if licensing cannot be established.
beet.jpg,Beet,CC BY 2.0,https://creativecommons.org/licenses/by/2.0,Dag Endresen,Flickr : Sugar beet (Beta vulgaris L.),https://commons.wikimedia.org/wiki/File:Sugar_beet_farm_(Beta_vulgaris_L).jpg,https://upload.wikimedia.org/wikipedia/commons/1/19/Sugar_beet_farm_%28Beta_vulgaris_L%29.jpg?utm_source=commons.wikimedia.org&utm_campaign=imageinfo&utm_content=original,verified_from_wikimedia_manifest,Replaced after contact-sheet review rejected a non-field image.
berberine-source.jpg,Berberine source,CC BY 2.0,https://creativecommons.org/licenses/by/2.0,"gailhampshire from Cradley, Malvern, U.K",Berberis vulgaris berries.,https://commons.wikimedia.org/wiki/File:Berberis_vulgaris_berries._-_Flickr_-_gailhampshire.jpg,https://upload.wikimedia.org/wikipedia/commons/d/d0/Berberis_vulgaris_berries._-_Flickr_-_gailhampshire.jpg?utm_source=commons.wikimedia.org&utm_campaign=imageinfo&utm_content=original,verified_from_wikimedia_manifest,Recovered through targeted Commons search after lead-image pass.
berkeleys-polypore.jpg,Berkeley's polypore,CC BY 2.0,https://creativecommons.org/licenses/by/2.0,Jason Hollinger,Flickr : Berkeley's Polypore,https://commons.wikimedia.org/wiki/File:Bondarzewia_berkeleyi.jpg,https://upload.wikimedia.org/wikipedia/commons/8/80/Bondarzewia_berkeleyi.jpg?utm_source=commons.wikimedia.org&utm_campaign=imageinfo&utm_content=original,verified_from_wikimedia_manifest,Resolved from the lead image of https://en.wikipedia.org/wiki/Bondarzewia_berkeleyi
berry-tea-gargle.jpg,Berry Tea Gargle,Could not be independently verified,,Could not be independently verified,Original source and creator were not present in the available project records.,,,unverified_source_retained,Image retained at the owner's direction; replace or verify before public release if licensing cannot be established.
big-sagebrush.jpg,Big sagebrush,Could not be independently verified,,Could not be independently verified,Original source and creator were not present in the available project records.,,,unverified_source_retained,Image retained at the owner's direction; replace or verify before public release if licensing cannot be established.
bigleaf-aster.jpg,Bigleaf aster,Could not be independently verified,,Could not be independently verified,Original source and creator were not present in the available project records.,,,unverified_source_retained,Image retained at the owner's direction; replace or verify before public release if licensing cannot be established.
bilberry.jpg,Bilberry,CC BY-SA 3.0,https://creativecommons.org/licenses/by-sa/3.0,Treetime.ca,Own work,https://commons.wikimedia.org/wiki/File:Vaccinium_myrtilloides_berries.jpg,https://upload.wikimedia.org/wikipedia/commons/a/a9/Vaccinium_myrtilloides_berries.jpg?utm_source=commons.wikimedia.org&utm_campaign=imageinfo&utm_content=original,verified_from_wikimedia_manifest,Resolved from the lead image of https://en.wikipedia.org/wiki/Vaccinium_myrtilloides
bitter-orange.jpg,Bitter orange,CC BY-SA 4.0,https://creativecommons.org/licenses/by-sa/4.0,A. Barra,Own work,https://commons.wikimedia.org/wiki/File:Citrus_aurantium.jpg,https://upload.wikimedia.org/wikipedia/commons/2/2e/Citrus_aurantium.jpg?utm_source=commons.wikimedia.org&utm_campaign=imageinfo&utm_content=original,verified_from_wikimedia_manifest,Resolved from the lead image of https://en.wikipedia.org/wiki/Bitter_orange
bittercress-toothwort.jpg,Bittercress / toothwort,Public domain,,Atrian at English Wikipedia,Transferred from en.wikipedia to Commons.,https://commons.wikimedia.org/wiki/File:Toothwort_(Dentaria_diphylla).jpg,https://upload.wikimedia.org/wikipedia/commons/e/ef/Toothwort_%28Dentaria_diphylla%29.jpg?utm_source=commons.wikimedia.org&utm_campaign=imageinfo&utm_content=original,verified_from_wikimedia_manifest,Resolved from the lead image of https://en.wikipedia.org/wiki/Cardamine_diphylla
bitternut-hickory.jpg,Bitternut hickory,Could not be independently verified,,Could not be independently verified,Original source and creator were not present in the available project records.,,,unverified_source_retained,Image retained at the owner's direction; replace or verify before public release if licensing cannot be established.
bitterroot.jpg,Bitterroot,CC BY-SA 3.0,https://creativecommons.org/licenses/by-sa/3.0,Walter Siegmund (talk),Own work,https://commons.wikimedia.org/wiki/File:Lewisia_rediviva_9789.JPG,https://upload.wikimedia.org/wikipedia/commons/9/9b/Lewisia_rediviva_9789.JPG?utm_source=commons.wikimedia.org&utm_campaign=imageinfo&utm_content=original,verified_from_wikimedia_manifest,Resolved from the lead image of https://en.wikipedia.org/wiki/Bitterroot
black-ash-bark-decoction.jpg,Black ash bark decoction,Could not be independently verified,,Could not be independently verified,Original source and creator were not present in the available project records.,,,unverified_source_retained,Image retained at the owner's direction; replace or verify before public release if licensing cannot be established.
black-cherry.jpg,Black cherry,CC BY 4.0,https://creativecommons.org/licenses/by/4.0,Seth Wollney,https://www.inaturalist.org/photos/155393379,https://commons.wikimedia.org/wiki/File:Prunus_serotina_155393379.jpg,https://upload.wikimedia.org/wikipedia/commons/6/61/Prunus_serotina_155393379.jpg?utm_source=commons.wikimedia.org&utm_campaign=imageinfo&utm_content=original,verified_from_wikimedia_manifest,
black-cohosh.jpg,Black cohosh,Could not be independently verified,,Could not be independently verified,Original source and creator were not present in the available project records.,,,unverified_source_retained,Image retained at the owner's direction; replace or verify before public release if licensing cannot be established.
black-currant-root.jpg,Black currant root,Could not be independently verified,,Could not be independently verified,Original source and creator were not present in the available project records.,,,unverified_source_retained,Image retained at the owner's direction; replace or verify before public release if licensing cannot be established.
black-radish.jpg,Black radish,CC BY-SA 4.0,https://creativecommons.org/licenses/by-sa/4.0,Emőke Dénes,kindly granted by the author,https://commons.wikimedia.org/wiki/File:Brassicales_-_Raphanus_sativus_L._var._niger_-_1.jpg,https://upload.wikimedia.org/wikipedia/commons/0/0d/Brassicales_-_Raphanus_sativus_L._var._niger_-_1.jpg?utm_source=commons.wikimedia.org&utm_campaign=imageinfo&utm_content=original,verified_from_wikimedia_manifest,Recovered through targeted Commons search after lead-image pass.
black-sage.jpg,Black sage,CC BY-SA 2.5,https://creativecommons.org/licenses/by-sa/2.5,No machine-readable author provided. Curtis Clark assumed (based on copyright claims).,No machine-readable source provided. Own work assumed (based on copyright claims).,https://commons.wikimedia.org/wiki/File:Salvia_mellifera_flowers_2003-03-12.jpg,https://upload.wikimedia.org/wikipedia/commons/7/7b/Salvia_mellifera_flowers_2003-03-12.jpg?utm_source=commons.wikimedia.org&utm_campaign=imageinfo&utm_content=original,verified_from_wikimedia_manifest,Resolved from the lead image of https://en.wikipedia.org/wiki/Salvia_mellifera
black-spruce-bark-poultice.jpg,Black spruce bark poultice,Could not be independently verified,,Could not be independently verified,Original source and creator were not present in the available project records.,,,unverified_source_retained,Image retained at the owner's direction; replace or verify before public release if licensing cannot be established.
black-spruce.jpg,Black spruce,CC BY-SA 3.0,https://creativecommons.org/licenses/by-sa/3.0,Daniel Case,Own work,"https://commons.wikimedia.org/wiki/File:Black_spruce_stand_at_Arctic_Chalet,_Inuvik,_NT.jpg",https://upload.wikimedia.org/wikipedia/commons/4/47/Black_spruce_stand_at_Arctic_Chalet%2C_Inuvik%2C_NT.jpg?utm_source=commons.wikimedia.org&utm_campaign=imageinfo&utm_content=original,verified_from_wikimedia_manifest,Resolved from the lead image of https://en.wikipedia.org/wiki/Picea_mariana
black-walnut-hull-wash.jpg,Black walnut hull wash,Could not be independently verified,,Could not be independently verified,Original source and creator were not present in the available project records.,,,unverified_source_retained,Image retained at the owner's direction; replace or verify before public release if licensing cannot be established.
black-walnut.jpg,Black walnut,Public domain,,,,https://commons.wikimedia.org/wiki/File:Black_Walnut_nut_and_leave_detail.JPG,https://upload.wikimedia.org/wikipedia/commons/d/de/Black_Walnut_nut_and_leave_detail.JPG?utm_source=commons.wikimedia.org&utm_campaign=imageinfo&utm_content=original,verified_from_wikimedia_manifest,Resolved from the lead image of https://en.wikipedia.org/wiki/Juglans_nigra
black-willow.jpg,Black willow,CC BY-SA 3.0,https://creativecommons.org/licenses/by-sa/3.0,SB Johnny,Own work,https://commons.wikimedia.org/wiki/File:Salix_nigra_catkins_8001.JPG,https://upload.wikimedia.org/wikipedia/commons/f/f2/Salix_nigra_catkins_8001.JPG?utm_source=commons.wikimedia.org&utm_campaign=imageinfo&utm_content=original,verified_from_wikimedia_manifest,Recovered through targeted Commons search after lead-image pass.
blackberry-root-decoction.jpg,Blackberry root decoction,Could not be independently verified,,Could not be independently verified,Original source and creator were not present in the available project records.,,,unverified_source_retained,Image retained at the owner's direction; replace or verify before public release if licensing cannot be established.
bladdernut.jpg,Bladdernut,Could not be independently verified,,Could not be independently verified,Original source and creator were not present in the available project records.,,,unverified_source_retained,Image retained at the owner's direction; replace or verify before public release if licensing cannot be established.
blanketflower.jpg,Blanketflower,CC BY-SA 3.0,http://creativecommons.org/licenses/by-sa/3.0/,,,https://commons.wikimedia.org/wiki/File:BlanketFlowerGaillardiapulchellaTexas.jpg,https://upload.wikimedia.org/wikipedia/commons/2/27/BlanketFlowerGaillardiapulchellaTexas.jpg?utm_source=commons.wikimedia.org&utm_campaign=imageinfo&utm_content=original,verified_from_wikimedia_manifest,
blessed-herb-bundle-matka-boska-zielna.jpg,Blessed Herb Bundle (Matka Boska Zielna),Public domain,,Zdzisław Jasiński,http://natanna-mojezaczytanie.blogspot.ru/2015/08/matka-boska-zielna-w-poezji-i-na.html,https://commons.wikimedia.org/wiki/File:Jasinski_Zdzislaw_W_%C5%9Bwi%C4%99to_matki_boskiej_zielnej.jpg,https://upload.wikimedia.org/wikipedia/commons/a/ae/Jasinski_Zdzislaw_W_%C5%9Bwi%C4%99to_matki_boskiej_zielnej.jpg?utm_source=commons.wikimedia.org&utm_campaign=imageinfo&utm_content=original,verified_from_wikimedia_manifest,"Historical artwork of the Polish Feast of Our Lady of Herbs; when reused, it is contextual rather than Czech- or Slovak-specific."
blessed-water-at-theophany-yordan.jpg,Blessed Water at Theophany (Yordan),CC BY-SA 3.0,https://creativecommons.org/licenses/by-sa/3.0,Silar,Own work,"https://commons.wikimedia.org/wiki/File:2_Sanok,_Ukrainian_Orthodox_bishop_blessing_the_waters_at_Theophany_with_a_three-branched_candlestick.jpg",https://upload.wikimedia.org/wikipedia/commons/c/ca/2_Sanok%2C_Ukrainian_Orthodox_bishop_blessing_the_waters_at_Theophany_with_a_three-branched_candlestick.jpg?utm_source=commons.wikimedia.org&utm_campaign=imageinfo&utm_content=original,verified_from_wikimedia_manifest,Photograph of a Ukrainian Orthodox Theophany water blessing.
blessing-of-the-throats.jpg,Blessing of the Throats,CC BY-SA 3.0,https://creativecommons.org/licenses/by-sa/3.0,"Eugenio Hansen, OFS",Own work,https://commons.wikimedia.org/wiki/File:Blessing_of_Throats_2011.jpg,https://upload.wikimedia.org/wikipedia/commons/2/24/Blessing_of_Throats_2011.jpg?utm_source=commons.wikimedia.org&utm_campaign=imageinfo&utm_content=original,verified_from_wikimedia_manifest,
blewit-mushroom.jpg,Blewit mushroom,CC BY-SA 3.0,https://creativecommons.org/licenses/by-sa/3.0,"This image was created by user Jimmie Veitch (jimmiev) at Mushroom Observer , a source for mycological images. You can contact this user here .","This image is Image Number 267650 at Mushroom Observer , a source for mycological images.",https://commons.wikimedia.org/wiki/File:Clitocybe_nuda_(Fr.)_H.E._Bigelow_%26_A.H._Sm_267650.jpg,https://upload.wikimedia.org/wikipedia/commons/1/1c/Clitocybe_nuda_%28Fr.%29_H.E._Bigelow_%26_A.H._Sm_267650.jpg?utm_source=commons.wikimedia.org&utm_campaign=imageinfo&utm_content=original,verified_from_wikimedia_manifest,Resolved from the lead image of https://en.wikipedia.org/wiki/Collybia_nuda
bloodroot-georgia.jpg,Bloodroot Georgia,Could not be independently verified,,Could not be independently verified,Original source and creator were not present in the available project records.,,,unverified_source_retained,Image retained at the owner's direction; replace or verify before public release if licensing cannot be established.
bloodroot.jpg,Bloodroot,Could not be independently verified,,Could not be independently verified,Original source and creator were not present in the available project records.,,,unverified_source_retained,Image retained at the owner's direction; replace or verify before public release if licensing cannot be established.
blue-cohosh-root.jpg,Blue cohosh root,Could not be independently verified,,Could not be independently verified,Original source and creator were not present in the available project records.,,,unverified_source_retained,Image retained at the owner's direction; replace or verify before public release if licensing cannot be established.
blue-elderberry-mission-era-california.jpg,Blue Elderberry (Mission-Era California),CC BY-SA 4.0,https://creativecommons.org/licenses/by-sa/4.0,Thayne Tuason,Own work,https://commons.wikimedia.org/wiki/File:Sambucus_cerulea_1.jpg,https://upload.wikimedia.org/wikipedia/commons/1/12/Sambucus_cerulea_1.jpg?utm_source=commons.wikimedia.org&utm_campaign=imageinfo&utm_content=original,verified_from_wikimedia_manifest,Exact species: Sambucus cerulea.
blue-vervain-tea.jpg,Blue vervain tea,Could not be independently verified,,Could not be independently verified,Original source and creator were not present in the available project records.,,,unverified_source_retained,Image retained at the owner's direction; replace or verify before public release if licensing cannot be established.
blueberry.jpg,Blueberry,Could not be independently verified,,Could not be independently verified,Original source and creator were not present in the available project records.,,,unverified_source_retained,Image retained at the owner's direction; replace or verify before public release if licensing cannot be established.
boneset-tea.jpg,Boneset tea,Could not be independently verified,,Could not be independently verified,Original source and creator were not present in the available project records.,,,unverified_source_retained,Image retained at the owner's direction; replace or verify before public release if licensing cannot be established.
borage.jpg,Borage,CC BY-SA 4.0,https://creativecommons.org/licenses/by-sa/4.0,Christian Orlandi,Own work,https://commons.wikimedia.org/wiki/File:Borago_officinalis_(2025).jpg,https://upload.wikimedia.org/wikipedia/commons/2/26/Borago_officinalis_%282025%29.jpg?utm_source=commons.wikimedia.org&utm_campaign=imageinfo&utm_content=original,verified_from_wikimedia_manifest,Resolved from the lead image of https://en.wikipedia.org/wiki/Borage
borax.jpg,Borax,Public domain,,Aram Dulyan ( User:Aramgutang ),Own work,https://commons.wikimedia.org/wiki/File:Borax_crystals.jpg,https://upload.wikimedia.org/wikipedia/commons/f/f7/Borax_crystals.jpg?utm_source=commons.wikimedia.org&utm_campaign=imageinfo&utm_content=original,verified_from_wikimedia_manifest,
bottle-gentian.jpg,Bottle gentian,CC BY-SA 4.0,https://creativecommons.org/licenses/by-sa/4.0,Ryan Hodnett,Own work,"https://commons.wikimedia.org/wiki/File:Closed_Bottle_Gentian_(Gentiana_andrewsii)_-_Guelph,_Ontario.jpg",https://upload.wikimedia.org/wikipedia/commons/8/85/Closed_Bottle_Gentian_%28Gentiana_andrewsii%29_-_Guelph%2C_Ontario.jpg?utm_source=commons.wikimedia.org&utm_campaign=imageinfo&utm_content=original,verified_from_wikimedia_manifest,
boxelder.jpg,Boxelder,Could not be independently verified,,Could not be independently verified,Original source and creator were not present in the available project records.,,,unverified_source_retained,Image retained at the owner's direction; replace or verify before public release if licensing cannot be established.
bracket-fungus.jpg,Bracket fungus,Public domain,,George Chernilevsky,Own work,https://commons.wikimedia.org/wiki/File:Phellinus_igniarius_Oak_2009_G1.jpg,https://upload.wikimedia.org/wikipedia/commons/3/3c/Phellinus_igniarius_Oak_2009_G1.jpg?utm_source=commons.wikimedia.org&utm_campaign=imageinfo&utm_content=original,verified_from_wikimedia_manifest,Resolved from the lead image of https://en.wikipedia.org/wiki/Phellinus_igniarius
brittlebush.jpg,Brittlebush,Could not be independently verified,,Could not be independently verified,Original source and creator were not present in the available project records.,,,unverified_source_retained,Image retained at the owner's direction; replace or verify before public release if licensing cannot be established.
broadleaf-plantain.jpg,Broadleaf plantain,Could not be independently verified,,Could not be independently verified,Original source and creator were not present in the available project records.,,,unverified_source_retained,Image retained at the owner's direction; replace or verify before public release if licensing cannot be established.
broom-snakeweed.jpg,Broom snakeweed,Could not be independently verified,,Could not be independently verified,Original source and creator were not present in the available project records.,,,unverified_source_retained,Image retained at the owner's direction; replace or verify before public release if licensing cannot be established.
browned-wheat-flour.jpg,Browned wheat flour,Could not be independently verified,,Could not be independently verified,Original source and creator were not present in the available project records.,,,unverified_source_retained,Image retained at the owner's direction; replace or verify before public release if licensing cannot be established.
buckwheat.jpg,Buckwheat,CC BY-SA 3.0,https://creativecommons.org/licenses/by-sa/3.0,STRONGlk7,Own work,https://commons.wikimedia.org/wiki/File:Japanese_Buckwheat_Flower.JPG,https://upload.wikimedia.org/wikipedia/commons/a/a7/Japanese_Buckwheat_Flower.JPG?utm_source=commons.wikimedia.org&utm_campaign=imageinfo&utm_content=original,verified_from_wikimedia_manifest,Resolved from the lead image of https://en.wikipedia.org/wiki/Buckwheat
buffalo-gourd.jpg,Buffalo gourd,CC BY-SA 3.0,https://creativecommons.org/licenses/by-sa/3.0,"Photographs: Up, from left to right: Paigeblue08 , Paul Asman and Jill Lenoble , ""Photography by Curtis Clark"", ""Copyright by Curtis Clark"". Middle: Paigeblue08 . Bottom left: CharleBernardo . Bottom right: Paigeblue08 . Montage by RoRo","Top, left to right: File:Cucurbita foetidissima, gourd close up.jpg File:Calabaza (wild gourd) Cucurbita foetidissima in Embudo Canyon (7897313046).jpg File:Cucurbita foetidissima fruit 2003-02-04.jpg File:Cucurbita foetidissima staminate flower 2003-05-19.jpg Middle: File:Cucurbita foetidissima (whole plant).jpg Bottom left: File:Cucurbita foetidissima - inside view.jpg Bottom right is a detail from the photograph in the middle.",https://commons.wikimedia.org/wiki/File:Cucurbita_foetidissima_compose.jpg,https://upload.wikimedia.org/wikipedia/commons/c/cd/Cucurbita_foetidissima_compose.jpg?utm_source=commons.wikimedia.org&utm_campaign=imageinfo&utm_content=original,verified_from_wikimedia_manifest,Resolved from the lead image of https://en.wikipedia.org/wiki/Cucurbita_foetidissima
buffaloberry.jpg,Buffaloberry,CC BY-SA 3.0,https://creativecommons.org/licenses/by-sa/3.0,SriMesh,Own work,https://commons.wikimedia.org/wiki/File:SilverBuffaloberry-SK..jpg,https://upload.wikimedia.org/wikipedia/commons/8/83/SilverBuffaloberry-SK..jpg?utm_source=commons.wikimedia.org&utm_campaign=imageinfo&utm_content=original,verified_from_wikimedia_manifest,Resolved from the lead image of https://en.wikipedia.org/wiki/Shepherdia_argentea
bull-kelp.jpg,Bull kelp,CC BY 4.0,https://creativecommons.org/licenses/by/4.0,Chris Teague,https://www.inaturalist.org/observations/8039021,https://commons.wikimedia.org/wiki/File:Nereocystis_luetkeana1.jpg,https://upload.wikimedia.org/wikipedia/commons/5/59/Nereocystis_luetkeana1.jpg?utm_source=commons.wikimedia.org&utm_campaign=imageinfo&utm_content=original,verified_from_wikimedia_manifest,Resolved from the lead image of https://en.wikipedia.org/wiki/Nereocystis
bur-oak-bark.jpg,Bur oak bark,Could not be independently verified,,Could not be independently verified,Original source and creator were not present in the available project records.,,,unverified_source_retained,Image retained at the owner's direction; replace or verify before public release if licensing cannot be established.
burdock-root.jpg,Burdock root,CC BY-SA 3.0,https://creativecommons.org/licenses/by-sa/3.0,Christian Fischer,"Own work . Location: North-eastern Lower Saxony, Germany.",https://commons.wikimedia.org/wiki/File:ArctiumLappa1.jpg,https://upload.wikimedia.org/wikipedia/commons/c/ca/ArctiumLappa1.jpg?utm_source=commons.wikimedia.org&utm_campaign=imageinfo&utm_content=original,verified_from_wikimedia_manifest,Resolved from the lead image of https://en.wikipedia.org/wiki/Arctium_lappa
burdock.jpg,Burdock,CC BY 4.0,https://creativecommons.org/licenses/by/4.0,HoosierMan1816,Own work,https://commons.wikimedia.org/wiki/File:Arctium_minus_in_Indiana.jpg,https://upload.wikimedia.org/wikipedia/commons/3/3b/Arctium_minus_in_Indiana.jpg?utm_source=commons.wikimedia.org&utm_campaign=imageinfo&utm_content=original,verified_from_wikimedia_manifest,Resolved from the lead image of https://en.wikipedia.org/wiki/Arctium_minus
burnet.jpg,Burnet,Public domain,,NPS Photo,NPGallery,https://commons.wikimedia.org/wiki/File:Canada_Burnet_(Sanguisorba_canadensis)_(5597c3a6-155d-451f-67bd-742d80dd3123).jpg,https://upload.wikimedia.org/wikipedia/commons/2/2f/Canada_Burnet_%28Sanguisorba_canadensis%29_%285597c3a6-155d-451f-67bd-742d80dd3123%29.jpg?utm_source=commons.wikimedia.org&utm_campaign=imageinfo&utm_content=original,verified_from_wikimedia_manifest,Resolved from the lead image of https://en.wikipedia.org/wiki/Sanguisorba_canadensis
bush-honeysuckle-ground-pine-urinary-remedy.jpg,Bush Honeysuckle Ground Pine Urinary Remedy,Could not be independently verified,,Could not be independently verified,Original source and creator were not present in the available project records.,,,unverified_source_retained,Image retained at the owner's direction; replace or verify before public release if licensing cannot be established.
butterbur.jpg,Butterbur,CC BY-SA 2.5,https://creativecommons.org/licenses/by-sa/2.5,"Richard Bartz , Munich aka Makro Freak",Own work,https://commons.wikimedia.org/wiki/File:Gewoehnliche_Pestwurz_Common_Butterbur_(Petasites_hybridus).jpg,https://upload.wikimedia.org/wikipedia/commons/8/83/Gewoehnliche_Pestwurz_Common_Butterbur_%28Petasites_hybridus%29.jpg?utm_source=commons.wikimedia.org&utm_campaign=imageinfo&utm_content=original,verified_from_wikimedia_manifest,
buttermilk-skin-wash.jpg,Buttermilk Skin Wash,CC BY-SA 3.0,https://creativecommons.org/licenses/by-sa/3.0,Ukko-wc,Own work,https://commons.wikimedia.org/wiki/File:Buttermilk-(right)-and-Milk-(left).jpg,https://upload.wikimedia.org/wikipedia/commons/2/23/Buttermilk-%28right%29-and-Milk-%28left%29.jpg?utm_source=commons.wikimedia.org&utm_campaign=imageinfo&utm_content=original,verified_from_wikimedia_manifest,Illustrative photograph of buttermilk; it does not depict application to skin.
butternut-squash.jpg,Butternut squash,Public domain,,George Chernilevsky,Own work,https://commons.wikimedia.org/wiki/File:Cucurbita_moschata_Butternut_2012_G2.jpg,https://upload.wikimedia.org/wikipedia/commons/7/77/Cucurbita_moschata_Butternut_2012_G2.jpg?utm_source=commons.wikimedia.org&utm_campaign=imageinfo&utm_content=original,verified_from_wikimedia_manifest,Resolved from the lead image of https://en.wikipedia.org/wiki/Cucurbita_moschata
butternut.jpg,Butternut,CC BY-SA 3.0,https://creativecommons.org/licenses/by-sa/3.0,H. Zell,Own work,https://commons.wikimedia.org/wiki/File:Juglans_cinerea_002.JPG,https://upload.wikimedia.org/wikipedia/commons/8/8f/Juglans_cinerea_002.JPG?utm_source=commons.wikimedia.org&utm_campaign=imageinfo&utm_content=original,verified_from_wikimedia_manifest,Resolved from the lead image of https://en.wikipedia.org/wiki/Juglans_cinerea
buttonbush-flowers.jpg,Buttonbush Flowers,Could not be independently verified,,Could not be independently verified,Original source and creator were not present in the available project records.,,,unverified_source_retained,Image retained at the owner's direction; replace or verify before public release if licensing cannot be established.
buttonbush.jpg,Buttonbush,Could not be independently verified,,Could not be independently verified,Original source and creator were not present in the available project records.,,,unverified_source_retained,Image retained at the owner's direction; replace or verify before public release if licensing cannot be established.
buttonwood-bark-and-wood-florida-keys.jpg,Buttonwood Bark and Wood (Florida Keys),Public domain,,Mason Brock ( Masebrock ),Own work,https://commons.wikimedia.org/wiki/File:Conocarpus_erectus_Key_Largo.jpg,https://upload.wikimedia.org/wikipedia/commons/3/3d/Conocarpus_erectus_Key_Largo.jpg?utm_source=commons.wikimedia.org&utm_campaign=imageinfo&utm_content=original,verified_from_wikimedia_manifest,Exact species: Conocarpus erectus.
cabbage-leaf-wrap.jpg,Cabbage leaf wrap,Could not be independently verified,,Could not be independently verified,Original source and creator were not present in the available project records.,,,unverified_source_retained,Image retained at the owner's direction; replace or verify before public release if licensing cannot be established.
cabbage-palmetto.jpg,Cabbage Palmetto,Could not be independently verified,,Could not be independently verified,Original source and creator were not present in the available project records.,,,unverified_source_retained,Image retained at the owner's direction; replace or verify before public release if licensing cannot be established.
cabbage-sauerkraut.jpg,Cabbage / sauerkraut,CC BY 2.5,https://creativecommons.org/licenses/by/2.5,MPF,Own work,https://commons.wikimedia.org/wiki/File:Brassica_oleracea0.jpg,https://upload.wikimedia.org/wikipedia/commons/1/11/Brassica_oleracea0.jpg?utm_source=commons.wikimedia.org&utm_campaign=imageinfo&utm_content=original,verified_from_wikimedia_manifest,Resolved from the lead image of https://en.wikipedia.org/wiki/Brassica_oleracea
cacao.jpg,Cacao,CC BY-SA 4.0,https://creativecommons.org/licenses/by-sa/4.0,Nativeplants garden,Own work,"https://commons.wikimedia.org/wiki/File:Theobroma_cacao,Nativeplants_Botanical_Garden_2.jpg",https://upload.wikimedia.org/wikipedia/commons/2/25/Theobroma_cacao%2CNativeplants_Botanical_Garden_2.jpg?utm_source=commons.wikimedia.org&utm_campaign=imageinfo&utm_content=original,verified_from_wikimedia_manifest,
calamus-sweet-flag-root.jpg,Calamus / sweet flag root,Could not be independently verified,,Could not be independently verified,Original source and creator were not present in the available project records.,,,unverified_source_retained,Image retained at the owner's direction; replace or verify before public release if licensing cannot be established.
calendula-nursing-salve.jpg,Calendula nursing salve,Could not be independently verified,,Could not be independently verified,Original source and creator were not present in the available project records.,,,unverified_source_retained,Image retained at the owner's direction; replace or verify before public release if licensing cannot be established.
calendula.jpg,Calendula,CC BY-SA 4.0,https://creativecommons.org/licenses/by-sa/4.0,Betty Cai,Own work,"https://commons.wikimedia.org/wiki/File:Calendula_officinalis,_pot_marigold.JPG",https://upload.wikimedia.org/wikipedia/commons/5/52/Calendula_officinalis%2C_pot_marigold.JPG?utm_source=commons.wikimedia.org&utm_campaign=imageinfo&utm_content=original,verified_from_wikimedia_manifest,Resolved from the lead image of https://en.wikipedia.org/wiki/Calendula_officinalis
calf-s-foot-jelly.jpg,Calf'S Foot Jelly,Could not be independently verified,,Could not be independently verified,Original source and creator were not present in the available project records.,,,unverified_source_retained,Image retained at the owner's direction; replace or verify before public release if licensing cannot be established.
california-bay-leaf.jpg,California bay leaf,Could not be independently verified,,Could not be independently verified,Original source and creator were not present in the available project records.,,,unverified_source_retained,Image retained at the owner's direction; replace or verify before public release if licensing cannot be established.
california-buckeye-seed.jpg,California buckeye seed,Could not be independently verified,,Could not be independently verified,Original source and creator were not present in the available project records.,,,unverified_source_retained,Image retained at the owner's direction; replace or verify before public release if licensing cannot be established.
california-pipevine.jpg,California pipevine,CC BY-SA 2.0,https://creativecommons.org/licenses/by-sa/2.0,"peganum from Small Dole, England",Aristolochia californica,https://commons.wikimedia.org/wiki/File:Aristolochia_californica_(17064413415).jpg,https://upload.wikimedia.org/wikipedia/commons/5/55/Aristolochia_californica_%2817064413415%29.jpg?utm_source=commons.wikimedia.org&utm_campaign=imageinfo&utm_content=original,verified_from_wikimedia_manifest,
california-poppy-rinse.jpg,California poppy rinse,Could not be independently verified,,Could not be independently verified,Original source and creator were not present in the available project records.,,,unverified_source_retained,Image retained at the owner's direction; replace or verify before public release if licensing cannot be established.
california-sagebrush.jpg,California sagebrush,Could not be independently verified,,Could not be independently verified,Original source and creator were not present in the available project records.,,,unverified_source_retained,Image retained at the owner's direction; replace or verify before public release if licensing cannot be established.
california-white-sage.jpg,California white sage,Could not be independently verified,,Could not be independently verified,Original source and creator were not present in the available project records.,,,unverified_source_retained,Image retained at the owner's direction; replace or verify before public release if licensing cannot be established.
camphor-chest-rub.jpg,Camphor chest rub,Could not be independently verified,,Could not be independently verified,Original source and creator were not present in the available project records.,,,unverified_source_retained,Image retained at the owner's direction; replace or verify before public release if licensing cannot be established.
canada-goldenrod-tea.jpg,Canada goldenrod tea,Could not be independently verified,,Could not be independently verified,Original source and creator were not present in the available project records.,,,unverified_source_retained,Image retained at the owner's direction; replace or verify before public release if licensing cannot be established.
canada-yew.jpg,Canada yew,CC BY 3.0,https://creativecommons.org/licenses/by/3.0,"Harlan B. Herbert, Bugwood.org","This image is Image Number 5504066 at Forestry Images , a source for forest health, natural resources and silviculture images operated by The Bugwood Network at the University of Georgia and the USDA Forest Service . Check archived versions at web.archive / archive.is or on insectimages.org",https://commons.wikimedia.org/wiki/File:Taxus_canadensis_5504066.jpg,https://upload.wikimedia.org/wikipedia/commons/9/98/Taxus_canadensis_5504066.jpg?utm_source=commons.wikimedia.org&utm_campaign=imageinfo&utm_content=original,verified_from_wikimedia_manifest,Recovered through targeted Commons search after lead-image pass.
canadian-wild-lovage.jpg,Canadian wild lovage,CC BY 4.0,https://creativecommons.org/licenses/by/4.0,Evan M. Raskin,https://www.inaturalist.org/photos/67884786,https://commons.wikimedia.org/wiki/File:Ligusticum_canadense_leaves.jpg,https://upload.wikimedia.org/wikipedia/commons/a/a6/Ligusticum_canadense_leaves.jpg?utm_source=commons.wikimedia.org&utm_campaign=imageinfo&utm_content=original,verified_from_wikimedia_manifest,Resolved from the lead image of https://en.wikipedia.org/wiki/Ligusticum_canadense
cannabis-hemp.jpg,Cannabis / hemp,CC BY-SA 4.0,https://creativecommons.org/licenses/by-sa/4.0,Thayne Tuason,Own work,https://commons.wikimedia.org/wiki/File:Cannabis_sativa_2.jpg,https://upload.wikimedia.org/wikipedia/commons/e/ed/Cannabis_sativa_2.jpg?utm_source=commons.wikimedia.org&utm_campaign=imageinfo&utm_content=original,verified_from_wikimedia_manifest,Resolved from the lead image of https://en.wikipedia.org/wiki/Cannabis_sativa
capsaicin-pepper-source.jpg,Capsaicin pepper source,CC BY-SA 4.0,https://creativecommons.org/licenses/by-sa/4.0,Juan Carlos Fonseca Mata,Own work,https://commons.wikimedia.org/wiki/File:Pimiento_morr%C3%B3n_(Capsicum_annuum).jpg,https://upload.wikimedia.org/wikipedia/commons/5/59/Pimiento_morr%C3%B3n_%28Capsicum_annuum%29.jpg?utm_source=commons.wikimedia.org&utm_campaign=imageinfo&utm_content=original,verified_from_wikimedia_manifest,
caraway.jpg,Caraway,CC BY-SA 3.0,https://creativecommons.org/licenses/by-sa/3.0,Anneli Salo,Self-photographed,https://commons.wikimedia.org/wiki/File:Caraway_Carum_carvi_Kerava_VI08_H5457_C.jpg,https://upload.wikimedia.org/wikipedia/commons/9/94/Caraway_Carum_carvi_Kerava_VI08_H5457_C.jpg?utm_source=commons.wikimedia.org&utm_campaign=imageinfo&utm_content=original,verified_from_wikimedia_manifest,Replaced after contact-sheet review rejected a non-field image.
cardamom.jpg,Cardamom,CC BY-SA 4.0,https://creativecommons.org/licenses/by-sa/4.0,Didier Descouens,Own work,https://commons.wikimedia.org/wiki/File:Elettaria_cardamomum_Capsules_and_seeds.jpg,https://upload.wikimedia.org/wikipedia/commons/2/2c/Elettaria_cardamomum_Capsules_and_seeds.jpg?utm_source=commons.wikimedia.org&utm_campaign=imageinfo&utm_content=original,verified_from_wikimedia_manifest,Replaced after contact-sheet review rejected a non-field image.
cardinal-flower.jpg,Cardinal flower,Public domain,,"Barnes, Dr. Thomas G.",http://www.fws.gov/digitalmedia/FullRes/natdiglib/IMG0052.jpg,https://commons.wikimedia.org/wiki/File:Lobelia_cardinalis_-_Cardinal_Flower.jpg,https://upload.wikimedia.org/wikipedia/commons/3/37/Lobelia_cardinalis_-_Cardinal_Flower.jpg?utm_source=commons.wikimedia.org&utm_campaign=imageinfo&utm_content=original,verified_from_wikimedia_manifest,Resolved from the lead image of https://en.wikipedia.org/wiki/Lobelia_cardinalis
carlsbad-mineral-salts-karlovarsk-s-l.jpg,Carlsbad Mineral Salts Karlovarsk'S L,Could not be independently verified,,Could not be independently verified,Original source and creator were not present in the available project records.,,,unverified_source_retained,Image retained at the owner's direction; replace or verify before public release if licensing cannot be established.
carrageenan-seaweed.jpg,Carrageenan seaweed,CC BY-SA 4.0,https://creativecommons.org/licenses/by-sa/4.0,Ryan Hodnett,Own work,"https://commons.wikimedia.org/wiki/File:Irish_Moss_(Chondrus_crispus)_-_Gooseberry_Cove_Provincial_Park,_Newfoundland_2019-08-10.jpg",https://upload.wikimedia.org/wikipedia/commons/e/ed/Irish_Moss_%28Chondrus_crispus%29_-_Gooseberry_Cove_Provincial_Park%2C_Newfoundland_2019-08-10.jpg?utm_source=commons.wikimedia.org&utm_campaign=imageinfo&utm_content=original,verified_from_wikimedia_manifest,
carrion-flower.jpg,Carrion flower,Public domain,,Mason Brock ( Masebrock ),Own work,https://commons.wikimedia.org/wiki/File:Smilax_herbacea_Tennessee.jpg,https://upload.wikimedia.org/wikipedia/commons/7/79/Smilax_herbacea_Tennessee.jpg?utm_source=commons.wikimedia.org&utm_campaign=imageinfo&utm_content=original,verified_from_wikimedia_manifest,Resolved from the lead image of https://en.wikipedia.org/wiki/Smilax_herbacea
carron-oil-burn-remedy.jpg,Carron oil burn remedy,Could not be independently verified,,Could not be independently verified,Original source and creator were not present in the available project records.,,,unverified_source_retained,Image retained at the owner's direction; replace or verify before public release if licensing cannot be established.
cascara-sagrada-bark.jpg,Cascara sagrada bark,Could not be independently verified,,Could not be independently verified,Original source and creator were not present in the available project records.,,,unverified_source_retained,Image retained at the owner's direction; replace or verify before public release if licensing cannot be established.
cascara.jpg,Cascara,CC BY-SA 4.0,https://creativecommons.org/licenses/by-sa/4.0,Thayne Tuason,Own work,https://commons.wikimedia.org/wiki/File:Frangula_purshiana.jpg,https://upload.wikimedia.org/wikipedia/commons/1/1d/Frangula_purshiana.jpg?utm_source=commons.wikimedia.org&utm_campaign=imageinfo&utm_content=original,verified_from_wikimedia_manifest,Recovered through targeted Commons search after lead-image pass.
cassia-cinnamon.jpg,Cassia cinnamon,CC BY-SA 3.0,https://creativecommons.org/licenses/by-sa/3.0,Honmingjun,Own work,https://commons.wikimedia.org/wiki/File:Cinnamomum_cassia_Leaf.jpg,https://upload.wikimedia.org/wikipedia/commons/9/9b/Cinnamomum_cassia_Leaf.jpg?utm_source=commons.wikimedia.org&utm_campaign=imageinfo&utm_content=original,verified_from_wikimedia_manifest,
castor-oil-foot-pack.jpg,Castor oil foot pack,Could not be independently verified,,Could not be independently verified,Original source and creator were not present in the available project records.,,,unverified_source_retained,Image retained at the owner's direction; replace or verify before public release if licensing cannot be established.
catclaw-acacia.jpg,Catclaw acacia,CC BY-SA 3.0,https://creativecommons.org/licenses/by-sa/3.0,Stan Shebs,Own work,https://commons.wikimedia.org/wiki/File:Acacia_greggii_thorns.jpg,https://upload.wikimedia.org/wikipedia/commons/a/ad/Acacia_greggii_thorns.jpg?utm_source=commons.wikimedia.org&utm_campaign=imageinfo&utm_content=original,verified_from_wikimedia_manifest,Resolved from the lead image of https://en.wikipedia.org/wiki/Senegalia_greggii
catnip-colic-tea.jpg,Catnip colic tea,Could not be independently verified,,Could not be independently verified,Original source and creator were not present in the available project records.,,,unverified_source_retained,Image retained at the owner's direction; replace or verify before public release if licensing cannot be established.
cattail.jpg,Cattail,CC BY-SA 2.0,https://creativecommons.org/licenses/by-sa/2.0,"Peter O'Connor aka anemoneprojectors from Stevenage, United Kingdom",Bulrush (Typha latifolia),https://commons.wikimedia.org/wiki/File:Bulrush_(Typha_latifolia)_(8139113636).jpg,https://upload.wikimedia.org/wikipedia/commons/4/4c/Bulrush_%28Typha_latifolia%29_%288139113636%29.jpg?utm_source=commons.wikimedia.org&utm_campaign=imageinfo&utm_content=original,verified_from_wikimedia_manifest,Resolved from the lead image of https://en.wikipedia.org/wiki/Typha_latifolia
cauliflower-mushroom.jpg,Cauliflower mushroom,CC BY-SA 3.0,https://creativecommons.org/licenses/by-sa/3.0,"This image was created by user gillow2e at Mushroom Observer , a source for mycological images. You can contact this user here .","This image is Image Number 665780 at Mushroom Observer , a source for mycological images.",https://commons.wikimedia.org/wiki/File:2016-09-13_Sparassis_americana_R.H._Petersen_665780.jpg,https://upload.wikimedia.org/wikipedia/commons/4/4a/2016-09-13_Sparassis_americana_R.H._Petersen_665780.jpg?utm_source=commons.wikimedia.org&utm_campaign=imageinfo&utm_content=original,verified_from_wikimedia_manifest,Recovered through targeted Commons search after lead-image pass.
cayenne-pepper-liniment.jpg,Cayenne pepper liniment,Could not be independently verified,,Could not be independently verified,Original source and creator were not present in the available project records.,,,unverified_source_retained,Image retained at the owner's direction; replace or verify before public release if licensing cannot be established.
celery.jpg,Celery,CC BY 4.0,https://creativecommons.org/licenses/by/4.0,Robert Flogaus-Faust,Own work,https://commons.wikimedia.org/wiki/File:Apium_graveolens_RF.jpg,https://upload.wikimedia.org/wikipedia/commons/c/c9/Apium_graveolens_RF.jpg?utm_source=commons.wikimedia.org&utm_campaign=imageinfo&utm_content=original,verified_from_wikimedia_manifest,
century-plant.jpg,Century plant,CC BY-SA 3.0,https://creativecommons.org/licenses/by-sa/3.0,Diego Delso,Own work,"https://commons.wikimedia.org/wiki/File:Mezcal_(Agave_parryi),_Conservatorio_bot%C3%A1nico,_Fort_Wayne,_Indiana,_Estados_Unidos,_2012-11-12,_DD_01.jpg",https://upload.wikimedia.org/wikipedia/commons/0/06/Mezcal_%28Agave_parryi%29%2C_Conservatorio_bot%C3%A1nico%2C_Fort_Wayne%2C_Indiana%2C_Estados_Unidos%2C_2012-11-12%2C_DD_01.jpg?utm_source=commons.wikimedia.org&utm_campaign=imageinfo&utm_content=original,verified_from_wikimedia_manifest,Resolved from the lead image of https://en.wikipedia.org/wiki/Agave_parryi
ceremonial-tobacco.jpg,Ceremonial tobacco,Could not be independently verified,,Could not be independently verified,Original source and creator were not present in the available project records.,,,unverified_source_retained,Image retained at the owner's direction; replace or verify before public release if licensing cannot be established.
ceylon-cinnamon.jpg,Ceylon cinnamon,Public domain,,,,https://commons.wikimedia.org/wiki/File:Cinnamomum_verum1.jpg,https://upload.wikimedia.org/wikipedia/commons/e/e1/Cinnamomum_verum1.jpg?utm_source=commons.wikimedia.org&utm_campaign=imageinfo&utm_content=original,verified_from_wikimedia_manifest,Resolved from the lead image of https://en.wikipedia.org/wiki/Cinnamomum_verum
chalk.jpg,Chalk,Could not be independently verified,,Could not be independently verified,Original source and creator were not present in the available project records.,,,unverified_source_retained,Image retained at the owner's direction; replace or verify before public release if licensing cannot be established.
chamomile-tea.jpg,Chamomile tea,Could not be independently verified,,Could not be independently verified,Original source and creator were not present in the available project records.,,,unverified_source_retained,Image retained at the owner's direction; replace or verify before public release if licensing cannot be established.
chamomile.jpg,Chamomile,CC BY-SA 4.0,https://creativecommons.org/licenses/by-sa/4.0,"Krzysztof Ziarnek, Kenraiz",Own work,https://commons.wikimedia.org/wiki/File:Matricaria_chamomilla_kz04.jpg,https://upload.wikimedia.org/wikipedia/commons/5/5a/Matricaria_chamomilla_kz04.jpg?utm_source=commons.wikimedia.org&utm_campaign=imageinfo&utm_content=original,verified_from_wikimedia_manifest,
chaparral-creosote-bush.jpg,Chaparral / creosote bush,Could not be independently verified,,Could not be independently verified,Original source and creator were not present in the available project records.,,,unverified_source_retained,Image retained at the owner's direction; replace or verify before public release if licensing cannot be established.
charcoal-for-poisoning-upset-stomach.jpg,Charcoal For Poisoning Upset Stomach,Could not be independently verified,,Could not be independently verified,Original source and creator were not present in the available project records.,,,unverified_source_retained,Image retained at the owner's direction; replace or verify before public release if licensing cannot be established.
chaulmoogra.jpg,Chaulmoogra,CC BY-SA 3.0,https://creativecommons.org/licenses/by-sa/3.0,Vinayaraj,Own work,https://commons.wikimedia.org/wiki/File:Hydnocarpus_pentandra_leaves.jpg,https://upload.wikimedia.org/wikipedia/commons/2/2b/Hydnocarpus_pentandra_leaves.jpg?utm_source=commons.wikimedia.org&utm_campaign=imageinfo&utm_content=original,verified_from_wikimedia_manifest,
chervil.jpg,Chervil,CC0,http://creativecommons.org/publicdomain/zero/1.0/deed.en,AnRo0002,Own work,https://commons.wikimedia.org/wiki/File:20150423Anthriscus_cerefolium1.jpg,https://upload.wikimedia.org/wikipedia/commons/4/48/20150423Anthriscus_cerefolium1.jpg?utm_source=commons.wikimedia.org&utm_campaign=imageinfo&utm_content=original,verified_from_wikimedia_manifest,Recovered through targeted Commons search after lead-image pass.
chew-kee-store.jpg,Chew Kee Store,CC BY 2.0,https://creativecommons.org/licenses/by/2.0,Vince,originally posted to Flickr as fiddle62 Uploaded using F2ComButton,"https://commons.wikimedia.org/wiki/File:Fiddletown,_California.jpg",https://upload.wikimedia.org/wikipedia/commons/7/7a/Fiddletown%2C_California.jpg?utm_source=commons.wikimedia.org&utm_campaign=imageinfo&utm_content=original,verified_from_wikimedia_manifest,Modern exterior photograph identified by the Fiddletown Wikipedia page as the Chew Kee Chinese Apothecary; it does not depict the historical interior practice.
chia.jpg,Chia,CC BY-SA 4.0,https://creativecommons.org/licenses/by-sa/4.0,Walter Siegmund (talk),Own work,https://commons.wikimedia.org/wiki/File:Salvia_columbariae_7922.JPG,https://upload.wikimedia.org/wikipedia/commons/d/d3/Salvia_columbariae_7922.JPG?utm_source=commons.wikimedia.org&utm_campaign=imageinfo&utm_content=original,verified_from_wikimedia_manifest,Resolved from the lead image of https://en.wikipedia.org/wiki/Salvia_columbariae
chickasaw-plum.jpg,Chickasaw plum,CC BY-SA 4.0,https://creativecommons.org/licenses/by-sa/4.0,Eric Hunt,Own work,https://commons.wikimedia.org/wiki/File:Prunus_angustifolia_Arkansas.jpg,https://upload.wikimedia.org/wikipedia/commons/1/15/Prunus_angustifolia_Arkansas.jpg?utm_source=commons.wikimedia.org&utm_campaign=imageinfo&utm_content=original,verified_from_wikimedia_manifest,Resolved from the lead image of https://en.wikipedia.org/wiki/Prunus_angustifolia
chicken-soup.jpg,Chicken Soup,CC BY-SA 4.0,https://creativecommons.org/licenses/by-sa/4.0,HaJunkiyada,Own work,https://commons.wikimedia.org/wiki/File:Liat_Portal_for_Foodie_Disorder_-_Jewish_Chicken_Soup_with_Potatoes_and_Egg_Noodles.jpg,https://upload.wikimedia.org/wikipedia/commons/8/87/Liat_Portal_for_Foodie_Disorder_-_Jewish_Chicken_Soup_with_Potatoes_and_Egg_Noodles.jpg?utm_source=commons.wikimedia.org&utm_campaign=imageinfo&utm_content=original,verified_from_wikimedia_manifest,Modern illustrative photograph of Jewish chicken soup.
chickweed.jpg,Chickweed,CC0,http://creativecommons.org/publicdomain/zero/1.0/deed.en,Kaldari,Own work,https://commons.wikimedia.org/wiki/File:Kaldari_Stellaria_media_01.jpg,https://upload.wikimedia.org/wikipedia/commons/0/05/Kaldari_Stellaria_media_01.jpg?utm_source=commons.wikimedia.org&utm_campaign=imageinfo&utm_content=original,verified_from_wikimedia_manifest,Resolved from the lead image of https://en.wikipedia.org/wiki/Stellaria_media
chicory-root-coffee.jpg,Chicory root coffee,Could not be independently verified,,Could not be independently verified,Original source and creator were not present in the available project records.,,,unverified_source_retained,Image retained at the owner's direction; replace or verify before public release if licensing cannot be established.
chinatown-herb-shops.jpg,Chinatown Herb Shops,Public domain,,,Chinese pharmacy,https://commons.wikimedia.org/wiki/File:Chinese_Pharmacy.jpg,https://upload.wikimedia.org/wikipedia/commons/c/c5/Chinese_Pharmacy.jpg?utm_source=commons.wikimedia.org&utm_campaign=imageinfo&utm_content=original,verified_from_wikimedia_manifest,Historical Chinese pharmacy interior; the source metadata does not identify it as a San Francisco shop.
chives.jpg,Chives,CC BY-SA 4.0,https://creativecommons.org/licenses/by-sa/4.0,Salicyna,Own work,https://commons.wikimedia.org/wiki/File:Allium_schoenoprasum_2019-04-19_1309.jpg,https://upload.wikimedia.org/wikipedia/commons/8/83/Allium_schoenoprasum_2019-04-19_1309.jpg?utm_source=commons.wikimedia.org&utm_campaign=imageinfo&utm_content=original,verified_from_wikimedia_manifest,
chokeberry.jpg,Chokeberry,Could not be independently verified,,Could not be independently verified,Original source and creator were not present in the available project records.,,,unverified_source_retained,Image retained at the owner's direction; replace or verify before public release if licensing cannot be established.
chokecherry.jpg,Chokecherry,Public domain,,Nadiatalent,Own work,https://commons.wikimedia.org/wiki/File:Prunus_virginiana_flowers.jpg,https://upload.wikimedia.org/wikipedia/commons/e/e5/Prunus_virginiana_flowers.jpg?utm_source=commons.wikimedia.org&utm_campaign=imageinfo&utm_content=original,verified_from_wikimedia_manifest,Resolved from the lead image of https://en.wikipedia.org/wiki/Prunus_virginiana
cinquefoil.jpg,Cinquefoil,CC BY-SA 2.0,https://creativecommons.org/licenses/by-sa/2.0,Frank Mayfield,https://www.flickr.com/photos/gmayfield10/4565103345/,https://commons.wikimedia.org/wiki/File:Potentilla_simplex.jpg,https://upload.wikimedia.org/wikipedia/commons/a/ab/Potentilla_simplex.jpg?utm_source=commons.wikimedia.org&utm_campaign=imageinfo&utm_content=original,verified_from_wikimedia_manifest,Resolved from the lead image of https://en.wikipedia.org/wiki/Potentilla_simplex
clay-kaolin-poultice.jpg,Clay (Kaolin) Poultice,CC BY 2.0,https://creativecommons.org/licenses/by/2.0,James St. John https://www.flickr.com/people/jsjgeology?rb=1,https://www.flickr.com/photos/jsjgeology/32350111650/,https://commons.wikimedia.org/wiki/File:Kaolinite_from_Twiggs_County_in_Georgia_in_USA.jpg,https://upload.wikimedia.org/wikipedia/commons/4/40/Kaolinite_from_Twiggs_County_in_Georgia_in_USA.jpg?utm_source=commons.wikimedia.org&utm_campaign=imageinfo&utm_content=original,verified_from_wikimedia_manifest,Photograph of kaolinite; it does not depict a prepared poultice.
cliffrose.jpg,Cliffrose,Could not be independently verified,,Could not be independently verified,Original source and creator were not present in the available project records.,,,unverified_source_retained,Image retained at the owner's direction; replace or verify before public release if licensing cannot be established.
cloudberry.jpg,Cloudberry,CC BY-SA 4.0,https://creativecommons.org/licenses/by-sa/4.0,Moravice,Photographed with iPhone camera,"https://commons.wikimedia.org/wiki/File:Rubus_chamaemorus,_from_Troms%C3%B8,_August_2020.jpeg",https://upload.wikimedia.org/wikipedia/commons/2/20/Rubus_chamaemorus%2C_from_Troms%C3%B8%2C_August_2020.jpeg?utm_source=commons.wikimedia.org&utm_campaign=imageinfo&utm_content=original,verified_from_wikimedia_manifest,Resolved from the lead image of https://en.wikipedia.org/wiki/Rubus_chamaemorus
clove.jpg,Clove,Public domain,,tinofrey,Self-photographed,https://commons.wikimedia.org/wiki/File:Syzygium_aromaticum_on_tree.jpg,https://upload.wikimedia.org/wikipedia/commons/c/c1/Syzygium_aromaticum_on_tree.jpg?utm_source=commons.wikimedia.org&utm_campaign=imageinfo&utm_content=original,verified_from_wikimedia_manifest,Replaced after contact-sheet review rejected a non-field image.
coal-oil-kerosene.jpg,Coal Oil Kerosene,Could not be independently verified,,Could not be independently verified,Original source and creator were not present in the available project records.,,,unverified_source_retained,Image retained at the owner's direction; replace or verify before public release if licensing cannot be established.
cobweb-spiderweb.jpg,Cobweb Spiderweb,Could not be independently verified,,Could not be independently verified,Original source and creator were not present in the available project records.,,,unverified_source_retained,Image retained at the owner's direction; replace or verify before public release if licensing cannot be established.
cocklebur-root-tea.jpg,Cocklebur root tea,Could not be independently verified,,Could not be independently verified,Original source and creator were not present in the available project records.,,,unverified_source_retained,Image retained at the owner's direction; replace or verify before public release if licensing cannot be established.
coconut-palm.jpg,Coconut palm,CC BY 4.0,https://creativecommons.org/licenses/by/4.0,Lokeswaran Kaliyappan,Own work,https://commons.wikimedia.org/wiki/File:Cocos_nucifera_tree.loki.jpg,https://upload.wikimedia.org/wikipedia/commons/f/fd/Cocos_nucifera_tree.loki.jpg?utm_source=commons.wikimedia.org&utm_campaign=imageinfo&utm_content=original,verified_from_wikimedia_manifest,Exact real-photo replacement selected after contact-sheet review.
cocoplum-fruit-and-leaf-florida-keys.jpg,Cocoplum Fruit and Leaves (Florida Coastal),CC BY-SA 4.0,https://creativecommons.org/licenses/by-sa/4.0,Filo gèn',Own work,https://commons.wikimedia.org/wiki/File:Fruit_et_feuilles_de_Chrysobalanus_icaco_(Chrysobalanaceae).jpg,https://upload.wikimedia.org/wikipedia/commons/0/0d/Fruit_et_feuilles_de_Chrysobalanus_icaco_%28Chrysobalanaceae%29.jpg?utm_source=commons.wikimedia.org&utm_campaign=imageinfo&utm_content=original,verified_from_wikimedia_manifest,Exact species: Chrysobalanus icaco.
cold-curd-cheese-compress-tvarohov-obklad.jpg,Cold Curd Cheese Compress Tvarohov Obklad,Could not be independently verified,,Could not be independently verified,Original source and creator were not present in the available project records.,,,unverified_source_retained,Image retained at the owner's direction; replace or verify before public release if licensing cannot be established.
coltsfoot.jpg,Coltsfoot,CC BY-SA 2.5,https://creativecommons.org/licenses/by-sa/2.5,Andreas Trepte,Own work,https://commons.wikimedia.org/wiki/File:Coltsfoot.jpg,https://upload.wikimedia.org/wikipedia/commons/7/7f/Coltsfoot.jpg?utm_source=commons.wikimedia.org&utm_campaign=imageinfo&utm_content=original,verified_from_wikimedia_manifest,Resolved from the lead image of https://en.wikipedia.org/wiki/Tussilago
comfrey-knitbone-poultice.jpg,Comfrey / knitbone poultice,Could not be independently verified,,Could not be independently verified,Original source and creator were not present in the available project records.,,,unverified_source_retained,Image retained at the owner's direction; replace or verify before public release if licensing cannot be established.
common-blue-violet.jpg,Common blue violet,CC BY-SA 3.0,https://creativecommons.org/licenses/by-sa/3.0,James Steakley,Own work,https://commons.wikimedia.org/wiki/File:Viola_sororia_in_Wisconsin.jpg,https://upload.wikimedia.org/wikipedia/commons/3/3c/Viola_sororia_in_Wisconsin.jpg?utm_source=commons.wikimedia.org&utm_campaign=imageinfo&utm_content=original,verified_from_wikimedia_manifest,Resolved from the lead image of https://en.wikipedia.org/wiki/Viola_sororia
common-ragweed.jpg,Common ragweed,CC BY 2.0,https://creativecommons.org/licenses/by/2.0,"Harry Rose from South West Rocks, Australia",Ambrosia artemisiifolia plant7,https://commons.wikimedia.org/wiki/File:Ambrosia_artemisiifolia_plant7_(11741895306).jpg,https://upload.wikimedia.org/wikipedia/commons/6/60/Ambrosia_artemisiifolia_plant7_%2811741895306%29.jpg?utm_source=commons.wikimedia.org&utm_campaign=imageinfo&utm_content=original,verified_from_wikimedia_manifest,Resolved from the lead image of https://en.wikipedia.org/wiki/Ambrosia_artemisiifolia
compass-plant.jpg,Compass plant,CC BY-SA 4.0,https://creativecommons.org/licenses/by-sa/4.0,Eric Hunt,Own work,https://commons.wikimedia.org/wiki/File:Silphium_laciniatum_Arkansas.jpg,https://upload.wikimedia.org/wikipedia/commons/9/9d/Silphium_laciniatum_Arkansas.jpg?utm_source=commons.wikimedia.org&utm_campaign=imageinfo&utm_content=original,verified_from_wikimedia_manifest,Resolved from the lead image of https://en.wikipedia.org/wiki/Silphium_laciniatum
coontie-root-starch-seminole.jpg,Coontie Root Starch (Seminole),CC BY-SA 2.5,https://creativecommons.org/licenses/by-sa/2.5,,,https://commons.wikimedia.org/wiki/File:Zamia_integrifolia02.jpg,https://upload.wikimedia.org/wikipedia/commons/2/2b/Zamia_integrifolia02.jpg?utm_source=commons.wikimedia.org&utm_campaign=imageinfo&utm_content=original,verified_from_wikimedia_manifest,Exact species: Zamia integrifolia.
copal-source.jpg,Copal source,CC BY-SA 3.0,http://creativecommons.org/licenses/by-sa/3.0/,,,https://commons.wikimedia.org/wiki/File:Bursera_simaruba0.jpg,https://upload.wikimedia.org/wikipedia/commons/e/e1/Bursera_simaruba0.jpg?utm_source=commons.wikimedia.org&utm_campaign=imageinfo&utm_content=original,verified_from_wikimedia_manifest,Resolved from the lead image of https://en.wikipedia.org/wiki/Bursera
coral-bean-illustration.jpg,Coral Bean,Could not be independently verified,,Could not be independently verified,Original source and creator were not present in the available project records.,,,unverified_source_retained,Image retained at the owner's direction; replace or verify before public release if licensing cannot be established.
coral-bean.jpg,Coral Bean,Could not be independently verified,,Could not be independently verified,Original source and creator were not present in the available project records.,,,unverified_source_retained,Image retained at the owner's direction; replace or verify before public release if licensing cannot be established.
coralberry.jpg,Coralberry,CC BY-SA 4.0,https://creativecommons.org/licenses/by-sa/4.0,Cillas,Own work,https://commons.wikimedia.org/wiki/File:Symphoricarpos_orbiculatus_HRM1.JPG,https://upload.wikimedia.org/wikipedia/commons/0/05/Symphoricarpos_orbiculatus_HRM1.JPG?utm_source=commons.wikimedia.org&utm_campaign=imageinfo&utm_content=original,verified_from_wikimedia_manifest,Resolved from the lead image of https://en.wikipedia.org/wiki/Symphoricarpos_orbiculatus
coriander.jpg,Coriander,CC BY-SA 3.0,https://creativecommons.org/licenses/by-sa/3.0,H. Zell,Own work,https://commons.wikimedia.org/wiki/File:Coriandrum_sativum_003.JPG,https://upload.wikimedia.org/wikipedia/commons/7/7c/Coriandrum_sativum_003.JPG?utm_source=commons.wikimedia.org&utm_campaign=imageinfo&utm_content=original,verified_from_wikimedia_manifest,Replaced after contact-sheet review rejected a non-field image.
corn-silk-tea.jpg,Corn silk tea,Could not be independently verified,,Could not be independently verified,Original source and creator were not present in the available project records.,,,unverified_source_retained,Image retained at the owner's direction; replace or verify before public release if licensing cannot be established.
corn.jpg,Corn,CC BY-SA 3.0,https://creativecommons.org/licenses/by-sa/3.0,Christian Fischer,Own work,https://commons.wikimedia.org/wiki/File:ZeaMays.jpg,https://upload.wikimedia.org/wikipedia/commons/6/65/ZeaMays.jpg?utm_source=commons.wikimedia.org&utm_campaign=imageinfo&utm_content=original,verified_from_wikimedia_manifest,Exact real-photo replacement selected after contact-sheet review.
cornicello-italian-horn.jpg,Cornicello (Italian Horn),Public domain,,Antonio Cavallo,Own work,https://commons.wikimedia.org/wiki/File:CornicelloCharm.jpg,https://upload.wikimedia.org/wikipedia/commons/f/fd/CornicelloCharm.jpg?utm_source=commons.wikimedia.org&utm_campaign=imageinfo&utm_content=original,verified_from_wikimedia_manifest,Italian cornicello charm associated with protection from malocchio; it does not depict the oil-and-water test.
cotton-root-bark.jpg,Cotton root bark,Could not be independently verified,,Could not be independently verified,Original source and creator were not present in the available project records.,,,unverified_source_retained,Image retained at the owner's direction; replace or verify before public release if licensing cannot be established.
cotton.jpg,Cotton,CC BY-SA 4.0,https://creativecommons.org/licenses/by-sa/4.0,Photo by David J. Stang,source: David Stang. First published at ZipcodeZoo.com,https://commons.wikimedia.org/wiki/File:Gossypium_hirsutum_59zz.jpg,https://upload.wikimedia.org/wikipedia/commons/b/b6/Gossypium_hirsutum_59zz.jpg?utm_source=commons.wikimedia.org&utm_campaign=imageinfo&utm_content=original,verified_from_wikimedia_manifest,
cottonwood-bud-salve.jpg,Cottonwood bud salve,Could not be independently verified,,Could not be independently verified,Original source and creator were not present in the available project records.,,,unverified_source_retained,Image retained at the owner's direction; replace or verify before public release if licensing cannot be established.
cow-parsnip-root-tea.jpg,Cow parsnip root tea,Could not be independently verified,,Could not be independently verified,Original source and creator were not present in the available project records.,,,unverified_source_retained,Image retained at the owner's direction; replace or verify before public release if licensing cannot be established.
coyote-mint-tea.jpg,Coyote mint tea,Could not be independently verified,,Could not be independently verified,Original source and creator were not present in the available project records.,,,unverified_source_retained,Image retained at the owner's direction; replace or verify before public release if licensing cannot be established.
coyote-tobacco-smoke.jpg,Coyote tobacco smoke,Could not be independently verified,,Could not be independently verified,Original source and creator were not present in the available project records.,,,unverified_source_retained,Image retained at the owner's direction; replace or verify before public release if licensing cannot be established.
cramp-bark.jpg,Cramp bark,Could not be independently verified,,Could not be independently verified,Original source and creator were not present in the available project records.,,,unverified_source_retained,Image retained at the owner's direction; replace or verify before public release if licensing cannot be established.
cranberry.jpg,Cranberry,Could not be independently verified,,Could not be independently verified,Original source and creator were not present in the available project records.,,,unverified_source_retained,Image retained at the owner's direction; replace or verify before public release if licensing cannot be established.
creosote-bush-internal-tea-southern-paiute.jpg,Creosote Bush Internal Tea Southern Paiute,Could not be independently verified,,Could not be independently verified,Original source and creator were not present in the available project records.,,,unverified_source_retained,Image retained at the owner's direction; replace or verify before public release if licensing cannot be established.
cucumber.jpg,Cucumber,Public domain,,"Stephen Ausmus, USDA ARS","This image was released by the Agricultural Research Service , the research agency of the United States Department of Agriculture , with the ID D730-30 (next) .",https://commons.wikimedia.org/wiki/File:ARS_cucumber.jpg,https://upload.wikimedia.org/wikipedia/commons/9/96/ARS_cucumber.jpg?utm_source=commons.wikimedia.org&utm_campaign=imageinfo&utm_content=original,verified_from_wikimedia_manifest,Resolved from the lead image of https://en.wikipedia.org/wiki/Cucumber
cumin.jpg,Cumin,CC BY-SA 4.0,https://creativecommons.org/licenses/by-sa/4.0,Yercaud-elango,Own work,https://commons.wikimedia.org/wiki/File:Cuminum_cyminum-1-market-yercaud-salem-India.JPG,https://upload.wikimedia.org/wikipedia/commons/b/bf/Cuminum_cyminum-1-market-yercaud-salem-India.JPG?utm_source=commons.wikimedia.org&utm_campaign=imageinfo&utm_content=original,verified_from_wikimedia_manifest,
daikon-radish.jpg,Daikon radish,CC BY-SA 4.0,https://creativecommons.org/licenses/by-sa/4.0,KimYunmi,Own work,https://commons.wikimedia.org/wiki/File:Different_kinds_of_White_Radish.png,https://upload.wikimedia.org/wikipedia/commons/2/23/Different_kinds_of_White_Radish.png?utm_source=commons.wikimedia.org&utm_campaign=imageinfo&utm_content=original,verified_from_wikimedia_manifest,Resolved from the lead image of https://en.wikipedia.org/wiki/Daikon
dandelion-root-tonic.jpg,Dandelion Root Tonic,Could not be independently verified,,Could not be independently verified,Original source and creator were not present in the available project records.,,,unverified_source_retained,Image retained at the owner's direction; replace or verify before public release if licensing cannot be established.
dandelion.jpg,Dandelion,CC BY-SA 4.0,https://creativecommons.org/licenses/by-sa/4.0,Dominicus Johannes Bergsma,Own work,https://commons.wikimedia.org/wiki/File:Gesloten_bloem_van_de_paardenbloem_(Taraxacum_officinale)_09-05-2021._(d.j.b)_02.jpg,https://upload.wikimedia.org/wikipedia/commons/b/b5/Gesloten_bloem_van_de_paardenbloem_%28Taraxacum_officinale%29_09-05-2021._%28d.j.b%29_02.jpg?utm_source=commons.wikimedia.org&utm_campaign=imageinfo&utm_content=original,verified_from_wikimedia_manifest,Replaced after contact-sheet review rejected a non-field image.
death-camas.jpg,Death camas,CC0,http://creativecommons.org/publicdomain/zero/1.0/deed.en,Craig Martin https://www.inaturalist.org/people/craigmartin,https://www.inaturalist.org/observations/164805263,https://commons.wikimedia.org/wiki/File:Toxicoscordion_venenosum_-_Craig_Martin_01.jpg,https://upload.wikimedia.org/wikipedia/commons/6/63/Toxicoscordion_venenosum_-_Craig_Martin_01.jpg?utm_source=commons.wikimedia.org&utm_campaign=imageinfo&utm_content=original,verified_from_wikimedia_manifest,Resolved from the lead image of https://en.wikipedia.org/wiki/Toxicoscordion_venenosum
deer-antler.jpg,Deer Antler,Public domain,,Unknown author Unknown author,Popular Science Monthly Volume 9,https://commons.wikimedia.org/wiki/File:PSM_V09_D778_Deer_antler_dimensions_1.jpg,https://upload.wikimedia.org/wikipedia/commons/d/df/PSM_V09_D778_Deer_antler_dimensions_1.jpg?utm_source=commons.wikimedia.org&utm_campaign=imageinfo&utm_content=original,verified_from_wikimedia_manifest,Historical antler diagram; it does not depict preparation of the tonic.
deerbrush.jpg,Deerbrush,CC BY-SA 2.0,https://creativecommons.org/licenses/by-sa/2.0,"Dawn Endico , Menlo Park, California",flickr.com,https://commons.wikimedia.org/wiki/File:Ceanothus_integerrimus_04.jpg,https://upload.wikimedia.org/wikipedia/commons/b/b7/Ceanothus_integerrimus_04.jpg?utm_source=commons.wikimedia.org&utm_campaign=imageinfo&utm_content=original,verified_from_wikimedia_manifest,Resolved from the lead image of https://en.wikipedia.org/wiki/Ceanothus_integerrimus
desert-broom.jpg,Desert Broom,Could not be independently verified,,Could not be independently verified,Original source and creator were not present in the available project records.,,,unverified_source_retained,Image retained at the owner's direction; replace or verify before public release if licensing cannot be established.
desert-globemallow.jpg,Desert Globemallow,Could not be independently verified,,Could not be independently verified,Original source and creator were not present in the available project records.,,,unverified_source_retained,Image retained at the owner's direction; replace or verify before public release if licensing cannot be established.
desert-willow.jpg,Desert Willow,Could not be independently verified,,Could not be independently verified,Original source and creator were not present in the available project records.,,,unverified_source_retained,Image retained at the owner's direction; replace or verify before public release if licensing cannot be established.
destroying-angel.jpg,Destroying angel,CC BY-SA 3.0,https://creativecommons.org/licenses/by-sa/3.0,Dan Molter (shroomydan),Amanita bisporigera G. F. Atk. (17932),https://commons.wikimedia.org/wiki/File:Amanita_bisporigera_17932.jpg,https://upload.wikimedia.org/wikipedia/commons/a/a3/Amanita_bisporigera_17932.jpg?utm_source=commons.wikimedia.org&utm_campaign=imageinfo&utm_content=original,verified_from_wikimedia_manifest,Resolved from the lead image of https://en.wikipedia.org/wiki/Amanita_bisporigera
devils-club-bark.jpg,Devils Club Bark,Could not be independently verified,,Could not be independently verified,Original source and creator were not present in the available project records.,,,unverified_source_retained,Image retained at the owner's direction; replace or verify before public release if licensing cannot be established.
dewberry.jpg,Dewberry,CC BY-SA 3.0,https://creativecommons.org/licenses/by-sa/3.0,"James H. Miller & Ted Bodner, Southern Weed Science Society, Bugwood.org",Forestry Images - Image Number: 1120430 - northern dewberry - Rubus flagellaris Willd.,https://commons.wikimedia.org/wiki/File:Rubus_flagellaris_UGA1120430.jpg,https://upload.wikimedia.org/wikipedia/commons/6/6d/Rubus_flagellaris_UGA1120430.jpg?utm_source=commons.wikimedia.org&utm_campaign=imageinfo&utm_content=original,verified_from_wikimedia_manifest,Resolved from the lead image of https://en.wikipedia.org/wiki/Rubus_flagellaris
dill.jpg,Dill,CC BY-SA 3.0,https://creativecommons.org/licenses/by-sa/3.0,PatríciaR,Own work,https://commons.wikimedia.org/wiki/File:Anethum_graveolens_Ven.JPG,https://upload.wikimedia.org/wikipedia/commons/1/1a/Anethum_graveolens_Ven.JPG?utm_source=commons.wikimedia.org&utm_campaign=imageinfo&utm_content=original,verified_from_wikimedia_manifest,Recovered through targeted Commons search after lead-image pass.
doc-hay-portrait.jpg,The Road-Camp Flu Brew,Public domain,,Unknown author Unknown author,Friends of Kam Wah Chung,"https://commons.wikimedia.org/wiki/File:Ing_Hay_Wah._Doc_Hay._Chinese_is_%E4%BC%8D%E4%BA%8E%E5%BF%B5,_pinyin_is_W%C7%94_Y%C3%BAni%C3%A0n,_Wade%E2%80%93Giles_is_Wu_Yu-nien.jpg",https://upload.wikimedia.org/wikipedia/commons/b/b9/Ing_Hay_Wah._Doc_Hay._Chinese_is_%E4%BC%8D%E4%BA%8E%E5%BF%B5%2C_pinyin_is_W%C7%94_Y%C3%BAni%C3%A0n%2C_Wade%E2%80%93Giles_is_Wu_Yu-nien.jpg?utm_source=commons.wikimedia.org&utm_campaign=imageinfo&utm_content=original,verified_from_wikimedia_manifest,Historical portrait of Ing Hay (Doc Hay); it does not depict the individual preparation described in each entry.
doc-hay-s-scraping-treatment.jpg,Doc Hay'S Scraping Treatment,Could not be independently verified,,Could not be independently verified,Original source and creator were not present in the available project records.,,,unverified_source_retained,Image retained at the owner's direction; replace or verify before public release if licensing cannot be established.
douglas-fir-bark.jpg,Douglas Fir Bark,Could not be independently verified,,Could not be independently verified,Original source and creator were not present in the available project records.,,,unverified_source_retained,Image retained at the owner's direction; replace or verify before public release if licensing cannot be established.
douglas-mugwort.jpg,Douglas Mugwort,Could not be independently verified,,Could not be independently verified,Original source and creator were not present in the available project records.,,,unverified_source_retained,Image retained at the owner's direction; replace or verify before public release if licensing cannot be established.
downy-hawthorn.jpg,Downy hawthorn,Public domain,,Nadiatalent,Own work,https://commons.wikimedia.org/wiki/File:Crataegus-mollis-flowers.jpg,https://upload.wikimedia.org/wikipedia/commons/4/40/Crataegus-mollis-flowers.jpg?utm_source=commons.wikimedia.org&utm_campaign=imageinfo&utm_content=original,verified_from_wikimedia_manifest,Resolved from the lead image of https://en.wikipedia.org/wiki/Crataegus_mollis
dried-fruit-bread.jpg,Dried Fruit Bread,CC BY 2.0,https://creativecommons.org/licenses/by/2.0,zingyyellow...! from Wales Cymru UK,Bara Brith,https://commons.wikimedia.org/wiki/File:Bara_Brith_(3320696816).jpg,https://upload.wikimedia.org/wikipedia/commons/6/6a/Bara_Brith_%283320696816%29.jpg?utm_source=commons.wikimedia.org&utm_campaign=imageinfo&utm_content=original,verified_from_wikimedia_manifest,Illustrative photograph of a Welsh dried-fruit bread; it is not represented as a Choctaw-specific loaf or historical artifact.
dryads-saddle.jpg,Dryad's saddle,CC0,http://creativecommons.org/publicdomain/zero/1.0/deed.en,Yann Kemper,https://www.inaturalist.org/photos/123104556,https://commons.wikimedia.org/wiki/File:Cerioporus_squamosus_123104556.jpg,https://upload.wikimedia.org/wikipedia/commons/2/2e/Cerioporus_squamosus_123104556.jpg?utm_source=commons.wikimedia.org&utm_campaign=imageinfo&utm_content=original,verified_from_wikimedia_manifest,
dutchmans-breeches.jpg,Dutchman's breeches,CC BY-SA 3.0,https://creativecommons.org/licenses/by-sa/3.0,Fritzflohrreynolds,Own work,https://commons.wikimedia.org/wiki/File:Dicentra_cucullaria_-_Dutchmans_Breeches_2.jpg,https://upload.wikimedia.org/wikipedia/commons/3/3f/Dicentra_cucullaria_-_Dutchmans_Breeches_2.jpg?utm_source=commons.wikimedia.org&utm_campaign=imageinfo&utm_content=original,verified_from_wikimedia_manifest,Resolved from the lead image of https://en.wikipedia.org/wiki/Dicentra_cucullaria
dwarf-ginseng.jpg,Dwarf ginseng,CC BY-SA 3.0,https://creativecommons.org/licenses/by-sa/3.0,Fritzflohrreynolds,Own work,https://commons.wikimedia.org/wiki/File:Panax_trifolius_-_Dwarf_Ginseng.jpg,https://upload.wikimedia.org/wikipedia/commons/c/ce/Panax_trifolius_-_Dwarf_Ginseng.jpg?utm_source=commons.wikimedia.org&utm_campaign=imageinfo&utm_content=original,verified_from_wikimedia_manifest,
earthstar.jpg,Earthstar,CC BY 2.5,https://creativecommons.org/licenses/by/2.5,Mike Young,Own work,https://commons.wikimedia.org/wiki/File:Geastrum_20070721.jpg,https://upload.wikimedia.org/wikipedia/commons/0/06/Geastrum_20070721.jpg?utm_source=commons.wikimedia.org&utm_campaign=imageinfo&utm_content=original,verified_from_wikimedia_manifest,Resolved from the lead image of https://en.wikipedia.org/wiki/Geastrum_saccatum
east-texas-pineywoods-forest-resources.jpg,East Texas Pineywoods Forest Resources,CC BY-SA 4.0,https://creativecommons.org/licenses/by-sa/4.0,William L. Farr,Own work,https://commons.wikimedia.org/wiki/File:North_America_with_Piney_Woods.jpg,https://upload.wikimedia.org/wikipedia/commons/d/df/North_America_with_Piney_Woods.jpg?utm_source=commons.wikimedia.org&utm_campaign=imageinfo&utm_content=original,verified_from_wikimedia_manifest,Satellite map highlighting the Piney Woods ecoregion; it is not a photograph of a particular remedy.
eastern-hemlock.jpg,Eastern hemlock,CC BY-SA 3.0,https://creativecommons.org/licenses/by-sa/3.0,Bruce Marlin,Own work: http://www.cirrusimage.com/tree_eastern_hemlock.htm archived,https://commons.wikimedia.org/wiki/File:Tsuga_canadensis_morton.jpg,https://upload.wikimedia.org/wikipedia/commons/2/24/Tsuga_canadensis_morton.jpg?utm_source=commons.wikimedia.org&utm_campaign=imageinfo&utm_content=original,verified_from_wikimedia_manifest,Resolved from the lead image of https://en.wikipedia.org/wiki/Tsuga_canadensis
eastern-red-cedar.jpg,Eastern Red Cedar,Could not be independently verified,,Could not be independently verified,Original source and creator were not present in the available project records.,,,unverified_source_retained,Image retained at the owner's direction; replace or verify before public release if licensing cannot be established.
eastern-redbud.jpg,Eastern redbud,CC BY-SA 3.0,https://creativecommons.org/licenses/by-sa/3.0,Greg Hume,Own work,https://commons.wikimedia.org/wiki/File:RedbudOhio02.jpg,https://upload.wikimedia.org/wikipedia/commons/e/ea/RedbudOhio02.jpg?utm_source=commons.wikimedia.org&utm_campaign=imageinfo&utm_content=original,verified_from_wikimedia_manifest,Resolved from the lead image of https://en.wikipedia.org/wiki/Cercis_canadensis
eastern-skunk-cabbage-root.jpg,Eastern Skunk Cabbage Root,Could not be independently verified,,Could not be independently verified,Original source and creator were not present in the available project records.,,,unverified_source_retained,Image retained at the owner's direction; replace or verify before public release if licensing cannot be established.
eastern-white-pine.jpg,Eastern white pine,Public domain,,US FWS,https://web.archive.org/web/20080123082719/http://www.fws.gov/midwest/Sherburne/plantpics/PIST1.HTM,https://commons.wikimedia.org/wiki/File:Pinus_strobus_trees.jpg,https://upload.wikimedia.org/wikipedia/commons/4/48/Pinus_strobus_trees.jpg?utm_source=commons.wikimedia.org&utm_campaign=imageinfo&utm_content=original,verified_from_wikimedia_manifest,Resolved from the lead image of https://en.wikipedia.org/wiki/Pinus_strobus
echinacea-root.jpg,Echinacea Root,Could not be independently verified,,Could not be independently verified,Original source and creator were not present in the available project records.,,,unverified_source_retained,Image retained at the owner's direction; replace or verify before public release if licensing cannot be established.
eelgrass.jpg,Eelgrass,CC0,http://creativecommons.org/publicdomain/zero/1.0/deed.en,Daderot,Own work,"https://commons.wikimedia.org/wiki/File:Zostera_marina_-_National_Museum_of_Nature_and_Science,_Tokyo_-_DSC07663.JPG",https://upload.wikimedia.org/wikipedia/commons/f/f7/Zostera_marina_-_National_Museum_of_Nature_and_Science%2C_Tokyo_-_DSC07663.JPG?utm_source=commons.wikimedia.org&utm_campaign=imageinfo&utm_content=original,verified_from_wikimedia_manifest,Resolved from the lead image of https://en.wikipedia.org/wiki/Zostera_marina
eggplant.jpg,Eggplant,CC BY-SA 3.0,https://creativecommons.org/licenses/by-sa/3.0,Joydeep,Own work,https://commons.wikimedia.org/wiki/File:Solanum_melongena_24_08_2012_(1).JPG,https://upload.wikimedia.org/wikipedia/commons/7/76/Solanum_melongena_24_08_2012_%281%29.JPG?utm_source=commons.wikimedia.org&utm_campaign=imageinfo&utm_content=original,verified_from_wikimedia_manifest,Resolved from the lead image of https://en.wikipedia.org/wiki/Eggplant
eggshell-oyster-shell-powder.jpg,Eggshell & Oyster Shell Powder,Public domain,,Asahel Curtis,Asahel Curtis Photo Company Photographs,https://commons.wikimedia.org/wiki/File:Oyster_shells_ground_and_sacked_for_chicken_feed_(CURTIS_1803).jpeg,https://upload.wikimedia.org/wikipedia/commons/7/77/Oyster_shells_ground_and_sacked_for_chicken_feed_%28CURTIS_1803%29.jpeg?utm_source=commons.wikimedia.org&utm_campaign=imageinfo&utm_content=original,verified_from_wikimedia_manifest,Historical oyster-shell grinding facility; it does not depict eggshells or this folk preparation.
elderberry.jpg,Elderberry,Could not be independently verified,,Could not be independently verified,Original source and creator were not present in the available project records.,,,unverified_source_retained,Image retained at the owner's direction; replace or verify before public release if licensing cannot be established.
elecampane-root.jpg,Elecampane Root,Could not be independently verified,,Could not be independently verified,Original source and creator were not present in the available project records.,,,unverified_source_retained,Image retained at the owner's direction; replace or verify before public release if licensing cannot be established.
ergot.jpg,Ergot,CC0,http://creativecommons.org/publicdomain/zero/1.0/deed.en,Tomas P.,https://www.inaturalist.org/photos/94478348,https://commons.wikimedia.org/wiki/File:Claviceps_purpurea_94478348.jpg,https://upload.wikimedia.org/wikipedia/commons/8/82/Claviceps_purpurea_94478348.jpg?utm_source=commons.wikimedia.org&utm_campaign=imageinfo&utm_content=original,verified_from_wikimedia_manifest,
estafiate-tea.jpg,Estafiate Tea,Could not be independently verified,,Could not be independently verified,Original source and creator were not present in the available project records.,,,unverified_source_retained,Image retained at the owner's direction; replace or verify before public release if licensing cannot be established.
eucalyptus.jpg,Eucalyptus,CC BY 3.0 au,https://creativecommons.org/licenses/by/3.0/au/deed.en,Ian Brooker and David Kleinig,https://biocache.ala.org.au/occurrences/11bb683d-b876-4ccd-8afc-8c5f7d4a6ac3,https://commons.wikimedia.org/wiki/File:Eucalyptus_globulus_subsp._maidenii.jpg,https://upload.wikimedia.org/wikipedia/commons/4/42/Eucalyptus_globulus_subsp._maidenii.jpg?utm_source=commons.wikimedia.org&utm_campaign=imageinfo&utm_content=original,verified_from_wikimedia_manifest,Resolved from the lead image of https://en.wikipedia.org/wiki/Eucalyptus_globulus
european-plum.jpg,European plum,CC BY-SA 4.0,https://creativecommons.org/licenses/by-sa/4.0,Stefan.lefnaer,Own work,https://commons.wikimedia.org/wiki/File:Prunus_domestica_s._lat._sl18.jpg,https://upload.wikimedia.org/wikipedia/commons/7/72/Prunus_domestica_s._lat._sl18.jpg?utm_source=commons.wikimedia.org&utm_campaign=imageinfo&utm_content=original,verified_from_wikimedia_manifest,
evening-primrose.jpg,Evening primrose,CC0,http://creativecommons.org/publicdomain/zero/1.0/deed.en,AnRo0002,Own work,https://commons.wikimedia.org/wiki/File:20120725Oenothera_biennis1.jpg,https://upload.wikimedia.org/wikipedia/commons/1/1a/20120725Oenothera_biennis1.jpg?utm_source=commons.wikimedia.org&utm_campaign=imageinfo&utm_content=original,verified_from_wikimedia_manifest,
false-aloe.jpg,False aloe,CC BY-SA 2.5,https://creativecommons.org/licenses/by-sa/2.5,Photo by and (c)2007 Derek Ramsey ( Ram-Man ),Self-photographed,https://commons.wikimedia.org/wiki/File:False_Aloe_Manfreda_virginica_Plant_2200px.JPG,https://upload.wikimedia.org/wikipedia/commons/3/3f/False_Aloe_Manfreda_virginica_Plant_2200px.JPG?utm_source=commons.wikimedia.org&utm_campaign=imageinfo&utm_content=original,verified_from_wikimedia_manifest,Resolved from the lead image of https://en.wikipedia.org/wiki/Agave_virginica
false-indigo-bush.jpg,False Indigo Bush,Could not be independently verified,,Could not be independently verified,Original source and creator were not present in the available project records.,,,unverified_source_retained,Image retained at the owner's direction; replace or verify before public release if licensing cannot be established.
false-unicorn-root.jpg,False Unicorn Root,Could not be independently verified,,Could not be independently verified,Original source and creator were not present in the available project records.,,,unverified_source_retained,Image retained at the owner's direction; replace or verify before public release if licensing cannot be established.
fan-clubmoss.jpg,Fan clubmoss,CC BY 3.0,https://creativecommons.org/licenses/by/3.0,Jaknouse,Own work,https://commons.wikimedia.org/wiki/File:Diphasiastrum_digitatum_001.jpg,https://upload.wikimedia.org/wikipedia/commons/6/67/Diphasiastrum_digitatum_001.jpg?utm_source=commons.wikimedia.org&utm_campaign=imageinfo&utm_content=original,verified_from_wikimedia_manifest,Resolved from the lead image of https://en.wikipedia.org/wiki/Diphasiastrum_digitatum
feltleaf-willow.jpg,Feltleaf willow,CC BY-SA 2.0,https://creativecommons.org/licenses/by-sa/2.0,阿橋 HQ,"阿拉斯加柳 Salix alaxensis [美國阿拉斯加 Juneau Mendenhall Glacier, Alaska]","https://commons.wikimedia.org/wiki/File:%E9%98%BF%E6%8B%89%E6%96%AF%E5%8A%A0%E6%9F%B3_Salix_alaxensis_-%E7%BE%8E%E5%9C%8B%E9%98%BF%E6%8B%89%E6%96%AF%E5%8A%A0_Juneau_Mendenhall_Glacier,_Alaska-_(26914825948).jpg",https://upload.wikimedia.org/wikipedia/commons/d/d4/%E9%98%BF%E6%8B%89%E6%96%AF%E5%8A%A0%E6%9F%B3_Salix_alaxensis_-%E7%BE%8E%E5%9C%8B%E9%98%BF%E6%8B%89%E6%96%AF%E5%8A%A0_Juneau_Mendenhall_Glacier%2C_Alaska-_%2826914825948%29.jpg?utm_source=commons.wikimedia.org&utm_campaign=imageinfo&utm_content=original,verified_from_wikimedia_manifest,Recovered through targeted Commons search after lead-image pass.
fennel-wild-carrot-seed.jpg,Fennel Wild Carrot Seed,Could not be independently verified,,Could not be independently verified,Original source and creator were not present in the available project records.,,,unverified_source_retained,Image retained at the owner's direction; replace or verify before public release if licensing cannot be established.
fennel.jpg,Fennel,CC BY-SA 3.0,https://creativecommons.org/licenses/by-sa/3.0,Christian Ferrer,Own work,"https://commons.wikimedia.org/wiki/File:Theba_pisana_on_Foeniculum_vulgare,_Montbazin,_H%C3%A9rault_03.jpg",https://upload.wikimedia.org/wikipedia/commons/3/39/Theba_pisana_on_Foeniculum_vulgare%2C_Montbazin%2C_H%C3%A9rault_03.jpg?utm_source=commons.wikimedia.org&utm_campaign=imageinfo&utm_content=original,verified_from_wikimedia_manifest,
fenugreek.jpg,Fenugreek,CC BY-SA 4.0,https://creativecommons.org/licenses/by-sa/4.0,"Krzysztof Ziarnek, Kenraiz",Own work,https://commons.wikimedia.org/wiki/File:Trigonella_foenum-graecum_kz02.jpg,https://upload.wikimedia.org/wikipedia/commons/0/06/Trigonella_foenum-graecum_kz02.jpg?utm_source=commons.wikimedia.org&utm_campaign=imageinfo&utm_content=original,verified_from_wikimedia_manifest,Recovered through targeted Commons search after lead-image pass.
feverfew-leaf.jpg,Feverfew Leaf,Could not be independently verified,,Could not be independently verified,Original source and creator were not present in the available project records.,,,unverified_source_retained,Image retained at the owner's direction; replace or verify before public release if licensing cannot be established.
field-horsetail-tea.jpg,Field Horsetail Tea,Could not be independently verified,,Could not be independently verified,Original source and creator were not present in the available project records.,,,unverified_source_retained,Image retained at the owner's direction; replace or verify before public release if licensing cannot be established.
fig.jpg,Fig,CC BY 4.0,https://creativecommons.org/licenses/by/4.0,Jon Mortin,https://www.inaturalist.org/photos/456738221,https://commons.wikimedia.org/wiki/File:Ficus_carica_456738221.jpg,https://upload.wikimedia.org/wikipedia/commons/b/b4/Ficus_carica_456738221.jpg?utm_source=commons.wikimedia.org&utm_campaign=imageinfo&utm_content=original,verified_from_wikimedia_manifest,Replaced after contact-sheet review rejected a non-field image.
filmjolk-soured-milk.jpg,Filmjolk Soured Milk,Could not be independently verified,,Could not be independently verified,Original source and creator were not present in the available project records.,,,unverified_source_retained,Image retained at the owner's direction; replace or verify before public release if licensing cannot be established.
fire-cupping-treatment.jpg,Fire Cupping Treatment,Could not be independently verified,,Could not be independently verified,Original source and creator were not present in the available project records.,,,unverified_source_retained,Image retained at the owner's direction; replace or verify before public release if licensing cannot be established.
fireweed-tea.jpg,Fireweed Tea,Could not be independently verified,,Could not be independently verified,Original source and creator were not present in the available project records.,,,unverified_source_retained,Image retained at the owner's direction; replace or verify before public release if licensing cannot be established.
fish-cod-liver-oil-capsules.jpg,Fish Cod Liver Oil Capsules,Could not be independently verified,,Could not be independently verified,Original source and creator were not present in the available project records.,,,unverified_source_retained,Image retained at the owner's direction; replace or verify before public release if licensing cannot be established.
flax.jpg,Flax,CC BY-SA 4.0,https://creativecommons.org/licenses/by-sa/4.0,Salicyna,Own work,https://commons.wikimedia.org/wiki/File:Linum_usitatissimum_2019-05-12_2973.jpg,https://upload.wikimedia.org/wikipedia/commons/c/c8/Linum_usitatissimum_2019-05-12_2973.jpg?utm_source=commons.wikimedia.org&utm_campaign=imageinfo&utm_content=original,verified_from_wikimedia_manifest,Replaced after contact-sheet review rejected a non-field image.
fleabane.jpg,Fleabane,CC BY-SA 3.0,https://creativecommons.org/licenses/by-sa/3.0,D. Gordon E. Robertson,Own work,https://commons.wikimedia.org/wiki/File:Philadelphia_Fleabane.jpg,https://upload.wikimedia.org/wikipedia/commons/0/08/Philadelphia_Fleabane.jpg?utm_source=commons.wikimedia.org&utm_campaign=imageinfo&utm_content=original,verified_from_wikimedia_manifest,Resolved from the lead image of https://en.wikipedia.org/wiki/Erigeron_philadelphicus
flowering-dogwood-bark.jpg,Flowering Dogwood Bark,Could not be independently verified,,Could not be independently verified,Original source and creator were not present in the available project records.,,,unverified_source_retained,Image retained at the owner's direction; replace or verify before public release if licensing cannot be established.
flowering-dogwood.jpg,Flowering dogwood,CC BY-SA 4.0,https://creativecommons.org/licenses/by-sa/4.0,Eric Hunt,Own work,https://commons.wikimedia.org/wiki/File:Cornus_florida_Arkansas.jpg,https://upload.wikimedia.org/wikipedia/commons/b/b3/Cornus_florida_Arkansas.jpg?utm_source=commons.wikimedia.org&utm_campaign=imageinfo&utm_content=original,verified_from_wikimedia_manifest,Resolved from the lead image of https://en.wikipedia.org/wiki/Cornus_florida
fly-agaric.jpg,Fly agaric,CC BY-SA 3.0 nl,https://creativecommons.org/licenses/by-sa/3.0/nl/deed.en,Onderwijsgek,Own work,https://commons.wikimedia.org/wiki/File:Amanita_muscaria_3_vliegenzwammen_op_rij.jpg,https://upload.wikimedia.org/wikipedia/commons/3/32/Amanita_muscaria_3_vliegenzwammen_op_rij.jpg?utm_source=commons.wikimedia.org&utm_campaign=imageinfo&utm_content=original,verified_from_wikimedia_manifest,Resolved from the lead image of https://en.wikipedia.org/wiki/Amanita_muscaria
foamflower.jpg,Foamflower,CC BY-SA 4.0,https://creativecommons.org/licenses/by-sa/4.0,Wasrts,Own work,https://commons.wikimedia.org/wiki/File:Heartleaved_foamflower_(Tiarella_cordifolia).jpg,https://upload.wikimedia.org/wikipedia/commons/5/5d/Heartleaved_foamflower_%28Tiarella_cordifolia%29.jpg?utm_source=commons.wikimedia.org&utm_campaign=imageinfo&utm_content=original,verified_from_wikimedia_manifest,Resolved from the lead image of https://en.wikipedia.org/wiki/Tiarella_cordifolia
foraged-forest-wetland-remedies.jpg,Foraged Forest & Wetland Remedies,CC BY 2.0,https://creativecommons.org/licenses/by/2.0,cappellacci,https://www.flickr.com/photos/49048066@N06/51571954079/,https://commons.wikimedia.org/wiki/File:Congaree_Swamp.jpg,https://upload.wikimedia.org/wikipedia/commons/8/81/Congaree_Swamp.jpg?utm_source=commons.wikimedia.org&utm_campaign=imageinfo&utm_content=original,verified_from_wikimedia_manifest,Modern photograph of Congaree wetland forest in South Carolina; it is ecological context and does not depict plant gathering or preparation.
four-thieves-vinegar.jpg,Four Thieves Vinegar,Could not be independently verified,,Could not be independently verified,Original source and creator were not present in the available project records.,,,unverified_source_retained,Image retained at the owner's direction; replace or verify before public release if licensing cannot be established.
four-wing-saltbush.jpg,Four Wing Saltbush,Could not be independently verified,,Could not be independently verified,Original source and creator were not present in the available project records.,,,unverified_source_retained,Image retained at the owner's direction; replace or verify before public release if licensing cannot be established.
foxglove-beardtongue.jpg,Foxglove beardtongue,CC BY-SA 4.0,https://creativecommons.org/licenses/by-sa/4.0,Eric Hunt,Own work,https://commons.wikimedia.org/wiki/File:Penstemon_digitalis.jpg,https://upload.wikimedia.org/wikipedia/commons/6/6a/Penstemon_digitalis.jpg?utm_source=commons.wikimedia.org&utm_campaign=imageinfo&utm_content=original,verified_from_wikimedia_manifest,Resolved from the lead image of https://en.wikipedia.org/wiki/Penstemon_digitalis
frere-andre-saint-joseph-oratory.jpg,Frère André's Blessed Oil,CC BY-SA 2.0,https://creativecommons.org/licenses/by-sa/2.0,"Ken Lund from Reno, Nevada, USA","Oratoire Saint-Joseph du Mont-Royal, Parc du Mont-Royal, Montréal, Québec","https://commons.wikimedia.org/wiki/File:Oratoire_Saint-Joseph_du_Mont-Royal,_Parc_du_Mont-Royal,_Montr%C3%A9al,_Qu%C3%A9bec_(29955052202).jpg",https://upload.wikimedia.org/wikipedia/commons/1/10/Oratoire_Saint-Joseph_du_Mont-Royal%2C_Parc_du_Mont-Royal%2C_Montr%C3%A9al%2C_Qu%C3%A9bec_%2829955052202%29.jpg?utm_source=commons.wikimedia.org&utm_campaign=imageinfo&utm_content=original,verified_from_wikimedia_manifest,Contextual photograph of Saint Joseph's Oratory; it does not depict the blessed oil itself.
fringed-sagebrush.jpg,Fringed Sagebrush,Could not be independently verified,,Could not be independently verified,Original source and creator were not present in the available project records.,,,unverified_source_retained,Image retained at the owner's direction; replace or verify before public release if licensing cannot be established.
frogfruit.jpg,Frogfruit,CC BY-SA 3.0,https://creativecommons.org/licenses/by-sa/3.0,Ghislain118 http://www.fleurs-des-montagnes.net,Own work,https://commons.wikimedia.org/wiki/File:Phyla_nodiflora_3_(Corse).JPG,https://upload.wikimedia.org/wikipedia/commons/e/e7/Phyla_nodiflora_3_%28Corse%29.JPG?utm_source=commons.wikimedia.org&utm_campaign=imageinfo&utm_content=original,verified_from_wikimedia_manifest,Resolved from the lead image of https://en.wikipedia.org/wiki/Phyla_nodiflora
garlic.jpg,Garlic,CC BY-SA 4.0,https://creativecommons.org/licenses/by-sa/4.0,Ermell,Own work,https://commons.wikimedia.org/wiki/File:Knoblauch_(Allium_sativum)-20200621-RM-085344.jpg,https://upload.wikimedia.org/wikipedia/commons/b/b7/Knoblauch_%28Allium_sativum%29-20200621-RM-085344.jpg?utm_source=commons.wikimedia.org&utm_campaign=imageinfo&utm_content=original,verified_from_wikimedia_manifest,Recovered through targeted Commons search after lead-image pass.
ghost-pipe-tincture.jpg,Ghost Pipe Tincture,Could not be independently verified,,Could not be independently verified,Original source and creator were not present in the available project records.,,,unverified_source_retained,Image retained at the owner's direction; replace or verify before public release if licensing cannot be established.
giant-puffball.jpg,Giant Puffball,Could not be independently verified,,Could not be independently verified,Original source and creator were not present in the available project records.,,,unverified_source_retained,Image retained at the owner's direction; replace or verify before public release if licensing cannot be established.
ginger.jpg,Ginger,CC BY 4.0,https://creativecommons.org/licenses/by/4.0,ritirene,https://www.inaturalist.org/photos/230935597,https://commons.wikimedia.org/wiki/File:Zingiber_officinale_230935597.jpg,https://upload.wikimedia.org/wikipedia/commons/2/24/Zingiber_officinale_230935597.jpg?utm_source=commons.wikimedia.org&utm_campaign=imageinfo&utm_content=original,verified_from_wikimedia_manifest,Recovered through targeted Commons search after lead-image pass.
goat-weed.jpg,Goat Weed,Could not be independently verified,,Could not be independently verified,Original source and creator were not present in the available project records.,,,unverified_source_retained,Image retained at the owner's direction; replace or verify before public release if licensing cannot be established.
goatweed.jpg,Goatweed,Public domain,,EamonnPKeane at English Wikipedia,Transferred from en.wikipedia to Commons by Aroche using CommonsHelper .,https://commons.wikimedia.org/wiki/File:Croton_capitatus.jpg,https://upload.wikimedia.org/wikipedia/commons/f/f6/Croton_capitatus.jpg?utm_source=commons.wikimedia.org&utm_campaign=imageinfo&utm_content=original,verified_from_wikimedia_manifest,Resolved from the lead image of https://en.wikipedia.org/wiki/Croton_capitatus
gogl-mogl-guggle-muggle.jpg,Gogl Mogl Guggle Muggle,Could not be independently verified,,Could not be independently verified,Original source and creator were not present in the available project records.,,,unverified_source_retained,Image retained at the owner's direction; replace or verify before public release if licensing cannot be established.
goji-relative.jpg,Goji relative,CC BY 4.0,https://creativecommons.org/licenses/by/4.0/,Spencer Hurt,"Spencer Hurt / iNaturalist, CC BY 4.0",https://www.inaturalist.org/photos/500014049,https://inaturalist-open-data.s3.amazonaws.com/photos/500014049/original.jpeg,verified_from_wikimedia_manifest,Exact-taxon photo recovered through GBIF/iNaturalist after Commons had no usable species photo.
gold-ring-for-a-stye.jpg,Gold Ring for a Stye,CC BY-SA 3.0,https://creativecommons.org/licenses/by-sa/3.0,Mauro Cateb,Own work,https://commons.wikimedia.org/wiki/File:Pair_of_gold_wedding_rings.JPG,https://upload.wikimedia.org/wikipedia/commons/9/91/Pair_of_gold_wedding_rings.JPG?utm_source=commons.wikimedia.org&utm_campaign=imageinfo&utm_content=original,verified_from_wikimedia_manifest,Illustrative photograph of gold wedding rings; it does not depict the remedy being performed.
golden-currant.jpg,Golden currant,CC BY-SA 3.0,https://creativecommons.org/licenses/by-sa/3.0,Stan Shebs,Own work,https://commons.wikimedia.org/wiki/File:Ribes_aureum_var_aureum_4.jpg,https://upload.wikimedia.org/wikipedia/commons/6/64/Ribes_aureum_var_aureum_4.jpg?utm_source=commons.wikimedia.org&utm_campaign=imageinfo&utm_content=original,verified_from_wikimedia_manifest,Resolved from the lead image of https://en.wikipedia.org/wiki/Ribes_aureum
goldenseal-root-wash.jpg,Goldenseal Root Wash,Could not be independently verified,,Could not be independently verified,Original source and creator were not present in the available project records.,,,unverified_source_retained,Image retained at the owner's direction; replace or verify before public release if licensing cannot be established.
goldthread.jpg,Goldthread,Public domain,,Fungus Guy,Own work,"https://commons.wikimedia.org/wiki/File:Coptis_trifolia,_Pancake_Bay_PP.jpg",https://upload.wikimedia.org/wikipedia/commons/0/0d/Coptis_trifolia%2C_Pancake_Bay_PP.jpg?utm_source=commons.wikimedia.org&utm_campaign=imageinfo&utm_content=original,verified_from_wikimedia_manifest,Resolved from the lead image of https://en.wikipedia.org/wiki/Coptis_trifolia
good-king-henry.jpg,Good King Henry,CC BY 4.0,https://creativecommons.org/licenses/by/4.0,Robert Flogaus-Faust,Own work,https://commons.wikimedia.org/wiki/File:Blitum_bonus-henricus_RF.jpg,https://upload.wikimedia.org/wikipedia/commons/4/4d/Blitum_bonus-henricus_RF.jpg?utm_source=commons.wikimedia.org&utm_campaign=imageinfo&utm_content=original,verified_from_wikimedia_manifest,Recovered through targeted Commons search after lead-image pass.
gooseberry.jpg,Gooseberry,CC BY-SA 3.0,https://creativecommons.org/licenses/by-sa/3.0,Walter Siegmund (talk),Own work,https://commons.wikimedia.org/wiki/File:Ribes_divaricatum_5391.JPG,https://upload.wikimedia.org/wikipedia/commons/4/4c/Ribes_divaricatum_5391.JPG?utm_source=commons.wikimedia.org&utm_campaign=imageinfo&utm_content=original,verified_from_wikimedia_manifest,Resolved from the lead image of https://en.wikipedia.org/wiki/Ribes
graisse-de-siffleux-groundhog-fat-chest-rub.jpg,Graisse De Siffleux Groundhog Fat Chest Rub,Could not be independently verified,,Could not be independently verified,Original source and creator were not present in the available project records.,,,unverified_source_retained,Image retained at the owner's direction; replace or verify before public release if licensing cannot be established.
grape.jpg,Grape,CC BY-SA 3.0,http://creativecommons.org/licenses/by-sa/3.0/,,,https://commons.wikimedia.org/wiki/File:Cabernet_Sauvignon_Gaillac.jpg,https://upload.wikimedia.org/wikipedia/commons/d/dd/Cabernet_Sauvignon_Gaillac.jpg?utm_source=commons.wikimedia.org&utm_campaign=imageinfo&utm_content=original,verified_from_wikimedia_manifest,Resolved from the lead image of https://en.wikipedia.org/wiki/Vitis_vinifera
grapefruit.jpg,Grapefruit,CC BY-SA 4.0,https://creativecommons.org/licenses/by-sa/4.0,Ivar Leidus,Own work,https://commons.wikimedia.org/wiki/File:Grapefruits_-_whole-halved-segments.jpg,https://upload.wikimedia.org/wikipedia/commons/8/8c/Grapefruits_-_whole-halved-segments.jpg?utm_source=commons.wikimedia.org&utm_campaign=imageinfo&utm_content=original,verified_from_wikimedia_manifest,Resolved from the lead image of https://en.wikipedia.org/wiki/Grapefruit
greasewood.jpg,Greasewood,Public domain,,unnamed USGS employee,USGS at http://pubs.usgs.gov/wri/wri014195/text/pix/sarcobatus.htm,https://commons.wikimedia.org/wiki/File:Geasewood_Sarcobatus_baileyi_p024.jpg,https://upload.wikimedia.org/wikipedia/commons/c/c5/Geasewood_Sarcobatus_baileyi_p024.jpg?utm_source=commons.wikimedia.org&utm_campaign=imageinfo&utm_content=original,verified_from_wikimedia_manifest,Resolved from the lead image of https://en.wikipedia.org/wiki/Sarcobatus
great-basin-sagebrush.jpg,Great Basin Sagebrush,Could not be independently verified,,Could not be independently verified,Original source and creator were not present in the available project records.,,,unverified_source_retained,Image retained at the owner's direction; replace or verify before public release if licensing cannot be established.
great-camas.jpg,Great camas,CC BY-SA 4.0,https://creativecommons.org/licenses/by-sa/4.0,Flowersinmyyard,Own work,https://commons.wikimedia.org/wiki/File:Camassia_leichtlinii_inflorescence.jpg,https://upload.wikimedia.org/wikipedia/commons/5/57/Camassia_leichtlinii_inflorescence.jpg?utm_source=commons.wikimedia.org&utm_campaign=imageinfo&utm_content=original,verified_from_wikimedia_manifest,Resolved from the lead image of https://en.wikipedia.org/wiki/Camassia_leichtlinii
greenbrier.jpg,Greenbrier,Public domain,,Fepup,Own work,https://commons.wikimedia.org/wiki/File:Smilax_rotundifolia_8.JPG,https://upload.wikimedia.org/wikipedia/commons/b/b2/Smilax_rotundifolia_8.JPG?utm_source=commons.wikimedia.org&utm_campaign=imageinfo&utm_content=original,verified_from_wikimedia_manifest,Resolved from the lead image of https://en.wikipedia.org/wiki/Smilax_rotundifolia
greenleaf-manzanita.jpg,Greenleaf manzanita,CC BY 2.5,https://creativecommons.org/licenses/by/2.5,Walter Siegmund,Own work,https://commons.wikimedia.org/wiki/File:Arctostaphylos_patula_08399.JPG,https://upload.wikimedia.org/wikipedia/commons/2/27/Arctostaphylos_patula_08399.JPG?utm_source=commons.wikimedia.org&utm_campaign=imageinfo&utm_content=original,verified_from_wikimedia_manifest,Resolved from the lead image of https://en.wikipedia.org/wiki/Arctostaphylos_patula
gromnica-blessed-candle.jpg,Gromnica (Blessed Candle),CC BY-SA 3.0 pl,https://creativecommons.org/licenses/by-sa/3.0/pl/deed.en,Agata Stanisz,http://cyfrowearchiwum.amu.edu.pl/archive/5578,https://commons.wikimedia.org/wiki/File:Gromnica_z_ozdobnym_okapnikiem_-_Nowy_Dw%C3%B3r_-_001220c.jpg,https://upload.wikimedia.org/wikipedia/commons/5/5a/Gromnica_z_ozdobnym_okapnikiem_-_Nowy_Dw%C3%B3r_-_001220c.jpg?utm_source=commons.wikimedia.org&utm_campaign=imageinfo&utm_content=original,verified_from_wikimedia_manifest,Polish gromnica devotional candle.
ground-ivy.jpg,Ground ivy,CC BY-SA 4.0,https://creativecommons.org/licenses/by-sa/4.0,Ivar Leidus,Own work,https://commons.wikimedia.org/wiki/File:Glechoma_hederacea_-_Keila.jpg,https://upload.wikimedia.org/wikipedia/commons/6/6e/Glechoma_hederacea_-_Keila.jpg?utm_source=commons.wikimedia.org&utm_campaign=imageinfo&utm_content=original,verified_from_wikimedia_manifest,Resolved from the lead image of https://en.wikipedia.org/wiki/Glechoma_hederacea
groundnut.jpg,Groundnut,CC BY 2.0,https://creativecommons.org/licenses/by/2.0,James St. John,Apios americana in flower (American groundnut; Indian potato) 1,https://commons.wikimedia.org/wiki/File:Apios_americana_in_flower_(American_groundnut;_Indian_potato)_1_(20278465435).jpg,https://upload.wikimedia.org/wikipedia/commons/0/00/Apios_americana_in_flower_%28American_groundnut%3B_Indian_potato%29_1_%2820278465435%29.jpg?utm_source=commons.wikimedia.org&utm_campaign=imageinfo&utm_content=original,verified_from_wikimedia_manifest,Resolved from the lead image of https://en.wikipedia.org/wiki/Apios_americana
groundsel-bush-illustration.jpg,Groundsel Bush,Could not be independently verified,,Could not be independently verified,Original source and creator were not present in the available project records.,,,unverified_source_retained,Image retained at the owner's direction; replace or verify before public release if licensing cannot be established.
guava-leaf-tea.jpg,Guava Leaf Tea,Could not be independently verified,,Could not be independently verified,Original source and creator were not present in the available project records.,,,unverified_source_retained,Image retained at the owner's direction; replace or verify before public release if licensing cannot be established.
guava.jpg,Guava,CC BY-SA 3.0,http://creativecommons.org/licenses/by-sa/3.0/,,Own work,https://commons.wikimedia.org/wiki/File:Psidium_guajava_fruit.jpg,https://upload.wikimedia.org/wikipedia/commons/3/3a/Psidium_guajava_fruit.jpg?utm_source=commons.wikimedia.org&utm_campaign=imageinfo&utm_content=original,verified_from_wikimedia_manifest,Resolved from the lead image of https://en.wikipedia.org/wiki/Psidium_guajava
gumbo-limbo-bark-wash-florida.jpg,Gumbo-Limbo Bark & Resin Wash (Florida),CC BY-SA 4.0,https://creativecommons.org/licenses/by-sa/4.0,KATHERINE WAGNER-REISS,Own work,https://commons.wikimedia.org/wiki/File:Bursera_simaruba_bark_02.jpg,https://upload.wikimedia.org/wikipedia/commons/f/f3/Bursera_simaruba_bark_02.jpg?utm_source=commons.wikimedia.org&utm_campaign=imageinfo&utm_content=original,verified_from_wikimedia_manifest,Exact species and plant part: Bursera simaruba bark.
gumplant-california.jpg,Gumplant California,Could not be independently verified,,Could not be independently verified,Original source and creator were not present in the available project records.,,,unverified_source_retained,Image retained at the owner's direction; replace or verify before public release if licensing cannot be established.
gumweed-tea.jpg,Gumweed Tea,Could not be independently verified,,Could not be independently verified,Original source and creator were not present in the available project records.,,,unverified_source_retained,Image retained at the owner's direction; replace or verify before public release if licensing cannot be established.
gypsum.jpg,Gypsum,Could not be independently verified,,Could not be independently verified,Original source and creator were not present in the available project records.,,,unverified_source_retained,Image retained at the owner's direction; replace or verify before public release if licensing cannot be established.
hackberry-bark-tea.jpg,Hackberry Bark Tea,Could not be independently verified,,Could not be independently verified,Original source and creator were not present in the available project records.,,,unverified_source_retained,Image retained at the owner's direction; replace or verify before public release if licensing cannot be established.
hawthorn.jpg,Hawthorn,Public domain,,Nadiatalent,Own work,"https://commons.wikimedia.org/wiki/File:Crataegus,_various_species,_fruit.jpg",https://upload.wikimedia.org/wikipedia/commons/2/21/Crataegus%2C_various_species%2C_fruit.jpg?utm_source=commons.wikimedia.org&utm_campaign=imageinfo&utm_content=original,verified_from_wikimedia_manifest,Resolved from the lead image of https://en.wikipedia.org/wiki/Crataegus
hepatica-leaf.jpg,Hepatica Leaf,Could not be independently verified,,Could not be independently verified,Original source and creator were not present in the available project records.,,,unverified_source_retained,Image retained at the owner's direction; replace or verify before public release if licensing cannot be established.
high-bush-cranberry.jpg,High Bush Cranberry,Could not be independently verified,,Could not be independently verified,Original source and creator were not present in the available project records.,,,unverified_source_retained,Image retained at the owner's direction; replace or verify before public release if licensing cannot be established.
hoary-vervain.jpg,Hoary Vervain,Could not be independently verified,,Could not be independently verified,Original source and creator were not present in the available project records.,,,unverified_source_retained,Image retained at the owner's direction; replace or verify before public release if licensing cannot be established.
hog-peanut.jpg,Hog peanut,CC BY-SA 4.0,https://creativecommons.org/licenses/by-sa/4.0,Eric Hunt,Own work,https://commons.wikimedia.org/wiki/File:Amphicarpaea_bracteata_Arkansas.jpg,https://upload.wikimedia.org/wikipedia/commons/7/7a/Amphicarpaea_bracteata_Arkansas.jpg?utm_source=commons.wikimedia.org&utm_campaign=imageinfo&utm_content=original,verified_from_wikimedia_manifest,Resolved from the lead image of https://en.wikipedia.org/wiki/Amphicarpaea_bracteata
honey.jpg,Honey,Could not be independently verified,,Could not be independently verified,Original source and creator were not present in the available project records.,,,unverified_source_retained,Image retained at the owner's direction; replace or verify before public release if licensing cannot be established.
hoof-tinder-fungus.jpg,Hoof / tinder fungus,Public domain,,George Chernilevsky,Own work,https://commons.wikimedia.org/wiki/File:Fomes_fomentarius_2010_G2.jpg,https://upload.wikimedia.org/wikipedia/commons/7/7b/Fomes_fomentarius_2010_G2.jpg?utm_source=commons.wikimedia.org&utm_campaign=imageinfo&utm_content=original,verified_from_wikimedia_manifest,Resolved from the lead image of https://en.wikipedia.org/wiki/Fomes_fomentarius
hops.jpg,Hops,CC BY-SA 2.5,https://creativecommons.org/licenses/by-sa/2.5,No machine-readable author provided. Hagen Graebner assumed (based on copyright claims).,No machine-readable source provided. Own work assumed (based on copyright claims).,https://commons.wikimedia.org/wiki/File:Hopfen1.jpg,https://upload.wikimedia.org/wikipedia/commons/7/70/Hopfen1.jpg?utm_source=commons.wikimedia.org&utm_campaign=imageinfo&utm_content=original,verified_from_wikimedia_manifest,Resolved from the lead image of https://en.wikipedia.org/wiki/Humulus_lupulus
horehound.jpg,Horehound,Could not be independently verified,,Could not be independently verified,Original source and creator were not present in the available project records.,,,unverified_source_retained,Image retained at the owner's direction; replace or verify before public release if licensing cannot be established.
horsebalm-stoneroot-root.jpg,Horsebalm Stoneroot Root,Could not be independently verified,,Could not be independently verified,Original source and creator were not present in the available project records.,,,unverified_source_retained,Image retained at the owner's direction; replace or verify before public release if licensing cannot be established.
horsemint-oil-spotted-bee-balm.jpg,Horsemint Oil Spotted Bee Balm,Could not be independently verified,,Could not be independently verified,Original source and creator were not present in the available project records.,,,unverified_source_retained,Image retained at the owner's direction; replace or verify before public release if licensing cannot be established.
horseradish-root.jpg,Horseradish Root,Could not be independently verified,,Could not be independently verified,Original source and creator were not present in the available project records.,,,unverified_source_retained,Image retained at the owner's direction; replace or verify before public release if licensing cannot be established.
horseradish.jpg,Horseradish,CC BY-SA 3.0,http://creativecommons.org/licenses/by-sa/3.0/,Pethan,Own work,https://commons.wikimedia.org/wiki/File:Armoracia_rusticana.jpg,https://upload.wikimedia.org/wikipedia/commons/b/b6/Armoracia_rusticana.jpg?utm_source=commons.wikimedia.org&utm_campaign=imageinfo&utm_content=original,verified_from_wikimedia_manifest,Resolved from the lead image of https://en.wikipedia.org/wiki/Horseradish
horsetail.jpg,Horsetail,CC BY-SA 3.0,https://creativecommons.org/licenses/by-sa/3.0,MPF,Own work,https://commons.wikimedia.org/wiki/File:Equisetum_arvense_foliage.jpg,https://upload.wikimedia.org/wikipedia/commons/2/23/Equisetum_arvense_foliage.jpg?utm_source=commons.wikimedia.org&utm_campaign=imageinfo&utm_content=original,verified_from_wikimedia_manifest,Resolved from the lead image of https://en.wikipedia.org/wiki/Equisetum_arvense
hot-toddy.jpg,Hot Toddy,Could not be independently verified,,Could not be independently verified,Original source and creator were not present in the available project records.,,,unverified_source_retained,Image retained at the owner's direction; replace or verify before public release if licensing cannot be established.
household-herb-gardens.jpg,Household Herb Gardens,Could not be independently verified,,Could not be independently verified,Original source and creator were not present in the available project records.,,,unverified_source_retained,Image retained at the owner's direction; replace or verify before public release if licensing cannot be established.
huckleberry.jpg,Huckleberry,Could not be independently verified,,Could not be independently verified,Original source and creator were not present in the available project records.,,,unverified_source_retained,Image retained at the owner's direction; replace or verify before public release if licensing cannot be established.
hyssop-tea.jpg,Hyssop Tea,Could not be independently verified,,Could not be independently verified,Original source and creator were not present in the available project records.,,,unverified_source_retained,Image retained at the owner's direction; replace or verify before public release if licensing cannot be established.
illinois-bundleflower.jpg,Illinois bundleflower,CC BY-SA 4.0,https://creativecommons.org/licenses/by-sa/4.0,ThumYorky,Own work,https://commons.wikimedia.org/wiki/File:Illinois_Bundleflower_1.jpg,https://upload.wikimedia.org/wikipedia/commons/d/d4/Illinois_Bundleflower_1.jpg?utm_source=commons.wikimedia.org&utm_campaign=imageinfo&utm_content=original,verified_from_wikimedia_manifest,Resolved from the lead image of https://en.wikipedia.org/wiki/Desmanthus_illinoensis
indian-physic-root.jpg,Indian Physic Root,Could not be independently verified,,Could not be independently verified,Original source and creator were not present in the available project records.,,,unverified_source_retained,Image retained at the owner's direction; replace or verify before public release if licensing cannot be established.
inkberry.jpg,Inkberry,CC BY 4.0,https://creativecommons.org/licenses/by/4.0,Alex Abair,https://www.inaturalist.org/photos/251258583,https://commons.wikimedia.org/wiki/File:Ilex_glabra_251258583.jpg,https://upload.wikimedia.org/wikipedia/commons/c/c2/Ilex_glabra_251258583.jpg?utm_source=commons.wikimedia.org&utm_campaign=imageinfo&utm_content=original,verified_from_wikimedia_manifest,Resolved from the lead image of https://en.wikipedia.org/wiki/Ilex_glabra
iron-rust.jpg,Iron Rust,Could not be independently verified,,Could not be independently verified,Original source and creator were not present in the available project records.,,,unverified_source_retained,Image retained at the owner's direction; replace or verify before public release if licensing cannot be established.
ironweed.jpg,Ironweed,CC BY-SA 4.0,https://creativecommons.org/licenses/by-sa/4.0,Greg Hume,Own work,https://commons.wikimedia.org/wiki/File:Vernonia_gigantea_25.jpg,https://upload.wikimedia.org/wikipedia/commons/4/43/Vernonia_gigantea_25.jpg?utm_source=commons.wikimedia.org&utm_campaign=imageinfo&utm_content=original,verified_from_wikimedia_manifest,Resolved from the lead image of https://en.wikipedia.org/wiki/Vernonia_gigantea
jack-in-the-pulpit.jpg,Jack In The Pulpit,Could not be independently verified,,Could not be independently verified,Original source and creator were not present in the available project records.,,,unverified_source_retained,Image retained at the owner's direction; replace or verify before public release if licensing cannot be established.
jack-pine-gum.jpg,Jack Pine Gum,Could not be independently verified,,Could not be independently verified,Original source and creator were not present in the available project records.,,,unverified_source_retained,Image retained at the owner's direction; replace or verify before public release if licensing cannot be established.
jerusalem-artichoke.jpg,Jerusalem artichoke,CC BY-SA 3.0,http://creativecommons.org/licenses/by-sa/3.0/,,,https://commons.wikimedia.org/wiki/File:Sunroot_top.jpg,https://upload.wikimedia.org/wikipedia/commons/a/ae/Sunroot_top.jpg?utm_source=commons.wikimedia.org&utm_campaign=imageinfo&utm_content=original,verified_from_wikimedia_manifest,Resolved from the lead image of https://en.wikipedia.org/wiki/Jerusalem_artichoke
jewelweed-wash.jpg,Jewelweed Wash,Could not be independently verified,,Could not be independently verified,Original source and creator were not present in the available project records.,,,unverified_source_retained,Image retained at the owner's direction; replace or verify before public release if licensing cannot be established.
jimsonweed.jpg,Jimsonweed,Could not be independently verified,,Could not be independently verified,Original source and creator were not present in the available project records.,,,unverified_source_retained,Image retained at the owner's direction; replace or verify before public release if licensing cannot be established.
joe-pye-weed-gravel-root.jpg,Joe Pye Weed Gravel Root,Could not be independently verified,,Could not be independently verified,Original source and creator were not present in the available project records.,,,unverified_source_retained,Image retained at the owner's direction; replace or verify before public release if licensing cannot be established.
johnny-jump-up.jpg,Johnny-jump-up,CC BY-SA 3.0,https://creativecommons.org/licenses/by-sa/3.0,Kim Hansen,Own work,https://commons.wikimedia.org/wiki/File:Viola_tricolor_ssp_tricolor_hald_s%C3%B8_2009-05-13_1.jpg,https://upload.wikimedia.org/wikipedia/commons/1/16/Viola_tricolor_ssp_tricolor_hald_s%C3%B8_2009-05-13_1.jpg?utm_source=commons.wikimedia.org&utm_campaign=imageinfo&utm_content=original,verified_from_wikimedia_manifest,Replaced after contact-sheet review rejected a non-field image.
jojoba.jpg,Jojoba,Could not be independently verified,,Could not be independently verified,Original source and creator were not present in the available project records.,,,unverified_source_retained,Image retained at the owner's direction; replace or verify before public release if licensing cannot be established.
juneberry.jpg,Juneberry,CC BY-SA 3.0,http://creativecommons.org/licenses/by-sa/3.0/,Rasbak,Own work,https://commons.wikimedia.org/wiki/File:Amelanchier_canadensis_flower.jpg,https://upload.wikimedia.org/wikipedia/commons/2/28/Amelanchier_canadensis_flower.jpg?utm_source=commons.wikimedia.org&utm_campaign=imageinfo&utm_content=original,verified_from_wikimedia_manifest,Resolved from the lead image of https://en.wikipedia.org/wiki/Amelanchier_canadensis
juniper-tea.jpg,Juniper Tea,Could not be independently verified,,Could not be independently verified,Original source and creator were not present in the available project records.,,,unverified_source_retained,Image retained at the owner's direction; replace or verify before public release if licensing cannot be established.
juniper.jpg,Juniper,CC BY-SA 3.0,http://creativecommons.org/licenses/by-sa/3.0/,Rasbak at Dutch Wikipedia,Transferred from nl.wikipedia to Commons.,https://commons.wikimedia.org/wiki/File:Jeneverbes.jpg,https://upload.wikimedia.org/wikipedia/commons/a/a1/Jeneverbes.jpg?utm_source=commons.wikimedia.org&utm_campaign=imageinfo&utm_content=original,verified_from_wikimedia_manifest,Resolved from the lead image of https://en.wikipedia.org/wiki/Juniperus_communis
kalaupapa-settlement-long-house.jpg,Father Damien's Kalaupapa Bathhouse,CC BY-SA 4.0,https://creativecommons.org/licenses/by-sa/4.0,Kcurrytampa,Own work,https://commons.wikimedia.org/wiki/File:Photo_of_the_long_house_in_the_Kalaupapa_settlement.jpg,https://upload.wikimedia.org/wikipedia/commons/5/59/Photo_of_the_long_house_in_the_Kalaupapa_settlement.jpg?utm_source=commons.wikimedia.org&utm_campaign=imageinfo&utm_content=original,verified_from_wikimedia_manifest,Photograph of the Kalaupapa settlement's visitor long house; it does not depict Father Damien's bathhouse or the 1894 petition.
kam-wah-chung-co.jpg,Kam Wah Chung Co,Could not be independently verified,,Could not be independently verified,Original source and creator were not present in the available project records.,,,unverified_source_retained,Image retained at the owner's direction; replace or verify before public release if licensing cannot be established.
kava.jpg,Kava,CC BY 3.0,https://creativecommons.org/licenses/by/3.0,Forest & Kim Starr,"Plants of Hawaii, Image 070515-7054 from http://www.hear.org/starr/plants/images/image/?q=070515-7054",https://commons.wikimedia.org/wiki/File:Starr_070515-7054_Piper_methysticum.jpg,https://upload.wikimedia.org/wikipedia/commons/9/9a/Starr_070515-7054_Piper_methysticum.jpg?utm_source=commons.wikimedia.org&utm_campaign=imageinfo&utm_content=original,verified_from_wikimedia_manifest,Resolved from the lead image of https://en.wikipedia.org/wiki/Kava
kelp.jpg,Kelp,CC BY 2.5,https://creativecommons.org/licenses/by/2.5,Stemonitis,Stitched panorama of three digital photographs (all my own work),https://commons.wikimedia.org/wiki/File:Laminaria.jpg,https://upload.wikimedia.org/wikipedia/commons/8/82/Laminaria.jpg?utm_source=commons.wikimedia.org&utm_campaign=imageinfo&utm_content=original,verified_from_wikimedia_manifest,Replaced after contact-sheet review rejected a non-field image.
kentucky-coffeetree.jpg,Kentucky coffeetree,CC BY 3.0,https://creativecommons.org/licenses/by/3.0,Jean-Pol GRANDMONT,Own work,https://commons.wikimedia.org/wiki/File:Gymnocladus_dioicus_JPG1a.jpg,https://upload.wikimedia.org/wikipedia/commons/f/f4/Gymnocladus_dioicus_JPG1a.jpg?utm_source=commons.wikimedia.org&utm_campaign=imageinfo&utm_content=original,verified_from_wikimedia_manifest,Resolved from the lead image of https://en.wikipedia.org/wiki/Kentucky_coffeetree
kerosene-on-a-sugar-cube.jpg,Kerosene on a Sugar Cube,Public domain,,Longhair at English Wikipedia,Transferred from en.wikipedia to Commons by Smooth_O using CommonsHelper .,https://commons.wikimedia.org/wiki/File:Kerosene_bottle.jpg,https://upload.wikimedia.org/wikipedia/commons/2/27/Kerosene_bottle.jpg?utm_source=commons.wikimedia.org&utm_campaign=imageinfo&utm_content=original,verified_from_wikimedia_manifest,Modern photograph of a kerosene bottle; it does not depict a sugar cube or ingestion. This historical practice is dangerous and is not endorsed.
kimpetbrivl-childbirth-amulet.jpg,Kimpetbrivl Childbirth Amulet,Could not be independently verified,,Could not be independently verified,Original source and creator were not present in the available project records.,,,unverified_source_retained,Image retained at the owner's direction; replace or verify before public release if licensing cannot be established.
king-bolete.jpg,King bolete,CC BY 3.0,https://creativecommons.org/licenses/by/3.0,Holger Krisp,Own work,https://commons.wikimedia.org/wiki/File:Boletus_edulis_steinpilz.jpg,https://upload.wikimedia.org/wikipedia/commons/c/c5/Boletus_edulis_steinpilz.jpg?utm_source=commons.wikimedia.org&utm_campaign=imageinfo&utm_content=original,verified_from_wikimedia_manifest,
knotweed.jpg,Knotweed,CC BY-SA 3.0,https://creativecommons.org/licenses/by-sa/3.0,Dalgial,Own work,https://commons.wikimedia.org/wiki/File:Polygonum_aviculare_4.JPG,https://upload.wikimedia.org/wikipedia/commons/7/78/Polygonum_aviculare_4.JPG?utm_source=commons.wikimedia.org&utm_campaign=imageinfo&utm_content=original,verified_from_wikimedia_manifest,Resolved from the lead image of https://en.wikipedia.org/wiki/Polygonum_aviculare
koji-mold.jpg,Koji mold,CC BY-SA 2.0,https://creativecommons.org/licenses/by-sa/2.0,Forrest O.,originally posted to Flickr as Aspergillus oryzae （麹）,https://commons.wikimedia.org/wiki/File:Aspergillus_oryzae_(%E9%BA%B9).jpg,https://upload.wikimedia.org/wikipedia/commons/c/c9/Aspergillus_oryzae_%28%E9%BA%B9%29.jpg?utm_source=commons.wikimedia.org&utm_campaign=imageinfo&utm_content=original,verified_from_wikimedia_manifest,Resolved from the lead image of https://en.wikipedia.org/wiki/Aspergillus_oryzae
kola-nut.jpg,Kola nut,CC BY-SA 3.0,https://creativecommons.org/licenses/by-sa/3.0,Michael Hermann,by email,https://commons.wikimedia.org/wiki/File:Cola_nitida_flowers.JPG,https://upload.wikimedia.org/wikipedia/commons/b/b4/Cola_nitida_flowers.JPG?utm_source=commons.wikimedia.org&utm_campaign=imageinfo&utm_content=original,verified_from_wikimedia_manifest,Resolved from the lead image of https://en.wikipedia.org/wiki/Cola_nitida
kombu-like-kelp.jpg,Kombu-like kelp,CC BY 2.0,https://creativecommons.org/licenses/by/2.0,jkirkhart35,originally uploaded to Flickr as Split Kelp (Laminaria setchellii),https://commons.wikimedia.org/wiki/File:Laminariasetchellii.jpg,https://upload.wikimedia.org/wikipedia/commons/7/7e/Laminariasetchellii.jpg?utm_source=commons.wikimedia.org&utm_campaign=imageinfo&utm_content=original,verified_from_wikimedia_manifest,Recovered through targeted Commons search after lead-image pass.
kombucha-culture.jpg,Kombucha Culture,Could not be independently verified,,Could not be independently verified,Original source and creator were not present in the available project records.,,,unverified_source_retained,Image retained at the owner's direction; replace or verify before public release if licensing cannot be established.
krupnikas.jpg,Krupnikas,CC BY-SA 4.0,https://creativecommons.org/licenses/by-sa/4.0,Jacek Halicki,Own work,https://commons.wikimedia.org/wiki/File:2017_Likier_miodowy_Krupnik.jpg,https://upload.wikimedia.org/wikipedia/commons/5/53/2017_Likier_miodowy_Krupnik.jpg?utm_source=commons.wikimedia.org&utm_campaign=imageinfo&utm_content=original,verified_from_wikimedia_manifest,Illustrative photograph of krupnik honey liqueur.
labrador-tea.jpg,Labrador Tea,Could not be independently verified,,Could not be independently verified,Original source and creator were not present in the available project records.,,,unverified_source_retained,Image retained at the owner's direction; replace or verify before public release if licensing cannot be established.
ladys-slipper-root.jpg,Ladys Slipper Root,Could not be independently verified,,Could not be independently verified,Original source and creator were not present in the available project records.,,,unverified_source_retained,Image retained at the owner's direction; replace or verify before public release if licensing cannot be established.
lambs-quarters.jpg,Lamb's quarters,CC BY-SA 3.0,http://creativecommons.org/licenses/by-sa/3.0/,Rasbak,Own work,https://commons.wikimedia.org/wiki/File:Melganzenvoet_bloeiwijze_Chenopodium_album.jpg,https://upload.wikimedia.org/wikipedia/commons/b/b7/Melganzenvoet_bloeiwijze_Chenopodium_album.jpg?utm_source=commons.wikimedia.org&utm_campaign=imageinfo&utm_content=original,verified_from_wikimedia_manifest,Resolved from the lead image of https://en.wikipedia.org/wiki/Chenopodium_album
largeleaf-avens-one-flowered-wintergreen.jpg,Largeleaf Avens One Flowered Wintergreen,Could not be independently verified,,Could not be independently verified,Original source and creator were not present in the available project records.,,,unverified_source_retained,Image retained at the owner's direction; replace or verify before public release if licensing cannot be established.
larkspur-seed-wash.jpg,Larkspur Seed Wash,Could not be independently verified,,Could not be independently verified,Original source and creator were not present in the available project records.,,,unverified_source_retained,Image retained at the owner's direction; replace or verify before public release if licensing cannot be established.
late-boneset.jpg,Late boneset,Public domain,,Jim Kingdon Kingdon,Own work,https://commons.wikimedia.org/wiki/File:Eupatorium_serotinum_closeup.jpg,https://upload.wikimedia.org/wikipedia/commons/4/4a/Eupatorium_serotinum_closeup.jpg?utm_source=commons.wikimedia.org&utm_campaign=imageinfo&utm_content=original,verified_from_wikimedia_manifest,Resolved from the lead image of https://en.wikipedia.org/wiki/Eupatorium_serotinum
lavender.jpg,Lavender,Could not be independently verified,,Could not be independently verified,Original source and creator were not present in the available project records.,,,unverified_source_retained,Image retained at the owner's direction; replace or verify before public release if licensing cannot be established.
laver.jpg,Laver,CC0,http://creativecommons.org/publicdomain/zero/1.0/deed.en,Alex Heyman,https://www.inaturalist.org/photos/167506363,https://commons.wikimedia.org/wiki/File:Pyropia_nereocystis_167506363.jpg,https://upload.wikimedia.org/wikipedia/commons/4/47/Pyropia_nereocystis_167506363.jpg?utm_source=commons.wikimedia.org&utm_campaign=imageinfo&utm_content=original,verified_from_wikimedia_manifest,Resolved from the lead image of https://en.wikipedia.org/wiki/Pyropia
le-rebouteux-the-bonesetter.jpg,Le Rebouteux (The Bonesetter),CC0,http://creativecommons.org/publicdomain/zero/1.0/deed.en,"La Documentation Française, editeur",https://www.parismuseescollections.paris.fr/fr/musee-carnavalet/oeuvres/le-rebouteux#infos-principales,"https://commons.wikimedia.org/wiki/File:Le_rebouteux,_Paris_Mus%C3%A9es_20230526071542.jpg",https://upload.wikimedia.org/wikipedia/commons/6/6c/Le_rebouteux%2C_Paris_Mus%C3%A9es_20230526071542.jpg?utm_source=commons.wikimedia.org&utm_campaign=imageinfo&utm_content=original,verified_from_wikimedia_manifest,Historical illustration of a rebouteux/bonesetter.
leadplant.jpg,Leadplant,Could not be independently verified,,Could not be independently verified,Original source and creator were not present in the available project records.,,,unverified_source_retained,Image retained at the owner's direction; replace or verify before public release if licensing cannot be established.
leatherwood.jpg,Leatherwood,Could not be independently verified,,Could not be independently verified,Original source and creator were not present in the available project records.,,,unverified_source_retained,Image retained at the owner's direction; replace or verify before public release if licensing cannot be established.
leek.jpg,Leek,CC BY-SA 3.0,https://creativecommons.org/licenses/by-sa/3.0,Philmarin,Own work,https://commons.wikimedia.org/wiki/File:A.ampeloprasum_1.jpg,https://upload.wikimedia.org/wikipedia/commons/8/81/A.ampeloprasum_1.jpg?utm_source=commons.wikimedia.org&utm_campaign=imageinfo&utm_content=original,verified_from_wikimedia_manifest,Resolved from the lead image of https://en.wikipedia.org/wiki/Allium_ampeloprasum
lemon-balm.jpg,Lemon balm,CC BY-SA 4.0,https://creativecommons.org/licenses/by-sa/4.0,Plenuska,Own work,"https://commons.wikimedia.org/wiki/File:Die_Zitronenmelisse,_Melissa_officinalis_08.jpg",https://upload.wikimedia.org/wikipedia/commons/8/8e/Die_Zitronenmelisse%2C_Melissa_officinalis_08.jpg?utm_source=commons.wikimedia.org&utm_campaign=imageinfo&utm_content=original,verified_from_wikimedia_manifest,
lemon-beebalm.jpg,Lemon beebalm,CC BY 4.0,https://creativecommons.org/licenses/by/4.0,Alex Abair,https://www.inaturalist.org/photos/267584978,https://commons.wikimedia.org/wiki/File:Monarda_citriodora_inflorescence_1.jpg,https://upload.wikimedia.org/wikipedia/commons/a/a8/Monarda_citriodora_inflorescence_1.jpg?utm_source=commons.wikimedia.org&utm_campaign=imageinfo&utm_content=original,verified_from_wikimedia_manifest,Resolved from the lead image of https://en.wikipedia.org/wiki/Monarda_citriodora
lemonade-berry.jpg,Lemonade berry,CC BY-SA 3.0,https://creativecommons.org/licenses/by-sa/3.0,Oabjf34Q ( talk ),Own work by the original uploader,https://commons.wikimedia.org/wiki/File:Lemonadeberry2.jpg,https://upload.wikimedia.org/wikipedia/commons/2/27/Lemonadeberry2.jpg?utm_source=commons.wikimedia.org&utm_campaign=imageinfo&utm_content=original,verified_from_wikimedia_manifest,Resolved from the lead image of https://en.wikipedia.org/wiki/Rhus_integrifolia
lime.jpg,Lime,CC BY-SA 2.0,https://creativecommons.org/licenses/by-sa/2.0,"Dinesh Valke from Thane, India",Citrus × aurantiifolia (Christm.) Swingle,https://commons.wikimedia.org/wiki/File:Citrus_%C3%97_aurantiifolia_(Christm.)_Swingle_(51906868474).jpg,https://upload.wikimedia.org/wikipedia/commons/2/24/Citrus_%C3%97_aurantiifolia_%28Christm.%29_Swingle_%2851906868474%29.jpg?utm_source=commons.wikimedia.org&utm_campaign=imageinfo&utm_content=original,verified_from_wikimedia_manifest,Resolved from the lead image of https://en.wikipedia.org/wiki/Key_lime
limewater.jpg,Limewater,CC BY 2.0,https://creativecommons.org/licenses/by/2.0,Rick Bradley,https://www.flickr.com/photos/rickbradley/3964119319,https://commons.wikimedia.org/wiki/File:Limewater.jpg,https://upload.wikimedia.org/wikipedia/commons/9/99/Limewater.jpg?utm_source=commons.wikimedia.org&utm_campaign=imageinfo&utm_content=original,verified_from_wikimedia_manifest,
linden.jpg,Linden,CC BY 3.0,https://creativecommons.org/licenses/by/3.0,ImreKiss,Own work,"https://commons.wikimedia.org/wiki/File:Tilia_cordata,_Lipa2009.jpg",https://upload.wikimedia.org/wikipedia/commons/1/14/Tilia_cordata%2C_Lipa2009.jpg?utm_source=commons.wikimedia.org&utm_campaign=imageinfo&utm_content=original,verified_from_wikimedia_manifest,
lingonberry.jpg,Lingonberry,Public domain,,Jonas Bergsten,Photo taken by Jonas Bergsten using a Canon PowerShot G3 .,https://commons.wikimedia.org/wiki/File:Vaccinium_vitis-idaea_20060824_003.jpg,https://upload.wikimedia.org/wikipedia/commons/f/f1/Vaccinium_vitis-idaea_20060824_003.jpg?utm_source=commons.wikimedia.org&utm_campaign=imageinfo&utm_content=original,verified_from_wikimedia_manifest,Resolved from the lead image of https://en.wikipedia.org/wiki/Vaccinium_vitis-idaea
lions-mane.jpg,Lion's mane,CC BY 4.0,https://creativecommons.org/licenses/by/4.0,"(c) Alison Northup, some rights reserved (CC BY)",https://www.inaturalist.org/photos/29576097,https://commons.wikimedia.org/wiki/File:Lion%27s-mane_mushroom_imported_from_iNaturalist_photo_29576097_on_21_March_2024.jpg,https://upload.wikimedia.org/wikipedia/commons/f/f1/Lion%27s-mane_mushroom_imported_from_iNaturalist_photo_29576097_on_21_March_2024.jpg?utm_source=commons.wikimedia.org&utm_campaign=imageinfo&utm_content=original,verified_from_wikimedia_manifest,Resolved from the lead image of https://en.wikipedia.org/wiki/Hericium_erinaceus
lizards-tail-illustration.jpg,Lizard's Tail,Could not be independently verified,,Could not be independently verified,Original source and creator were not present in the available project records.,,,unverified_source_retained,Image retained at the owner's direction; replace or verify before public release if licensing cannot be established.
lizards-tail-root.jpg,Lizards Tail Root,Could not be independently verified,,Could not be independently verified,Original source and creator were not present in the available project records.,,,unverified_source_retained,Image retained at the owner's direction; replace or verify before public release if licensing cannot be established.
lobelia-indian-tobacco.jpg,Lobelia Indian Tobacco,Could not be independently verified,,Could not be independently verified,Original source and creator were not present in the available project records.,,,unverified_source_retained,Image retained at the owner's direction; replace or verify before public release if licensing cannot be established.
lobster-mushroom.jpg,Lobster mushroom,CC BY 3.0,https://creativecommons.org/licenses/by/3.0,Sharksbaja,Own work,https://commons.wikimedia.org/wiki/File:Hypomyces_lactifluorum.JPG,https://upload.wikimedia.org/wikipedia/commons/c/c7/Hypomyces_lactifluorum.JPG?utm_source=commons.wikimedia.org&utm_campaign=imageinfo&utm_content=original,verified_from_wikimedia_manifest,Resolved from the lead image of https://en.wikipedia.org/wiki/Hypomyces_lactifluorum
lodgepole-pine.jpg,Lodgepole Pine,Could not be independently verified,,Could not be independently verified,Original source and creator were not present in the available project records.,,,unverified_source_retained,Image retained at the owner's direction; replace or verify before public release if licensing cannot be established.
lomatium.jpg,Lomatium,CC BY-SA 3.0,https://creativecommons.org/licenses/by-sa/3.0,Walter Siegmund (talk),Own work,https://commons.wikimedia.org/wiki/File:Lomatium_dissectum_4248.JPG,https://upload.wikimedia.org/wikipedia/commons/b/b1/Lomatium_dissectum_4248.JPG?utm_source=commons.wikimedia.org&utm_campaign=imageinfo&utm_content=original,verified_from_wikimedia_manifest,Resolved from the lead image of https://en.wikipedia.org/wiki/Lomatium_dissectum
lousewort.jpg,Lousewort,CC BY-SA 3.0,https://creativecommons.org/licenses/by-sa/3.0,Walter Siegmund (talk),Own work,https://commons.wikimedia.org/wiki/File:Pedicularis_bracteosa_7613.JPG,https://upload.wikimedia.org/wikipedia/commons/6/6f/Pedicularis_bracteosa_7613.JPG?utm_source=commons.wikimedia.org&utm_campaign=imageinfo&utm_content=original,verified_from_wikimedia_manifest,Resolved from the lead image of https://en.wikipedia.org/wiki/Pedicularis
lovage.jpg,Lovage,CC BY-SA 3.0,https://creativecommons.org/licenses/by-sa/3.0,4028mdk09,Own work,https://commons.wikimedia.org/wiki/File:Liebst%C3%B6ckel.JPG,https://upload.wikimedia.org/wikipedia/commons/7/78/Liebst%C3%B6ckel.JPG?utm_source=commons.wikimedia.org&utm_campaign=imageinfo&utm_content=original,verified_from_wikimedia_manifest,Resolved from the lead image of https://en.wikipedia.org/wiki/Lovage
lowbush-blueberry.jpg,Lowbush blueberry,Public domain,,,,"https://commons.wikimedia.org/wiki/File:Vaccinium_angustifolium,_Pancake_Bay_PP.jpg",https://upload.wikimedia.org/wikipedia/commons/8/88/Vaccinium_angustifolium%2C_Pancake_Bay_PP.jpg?utm_source=commons.wikimedia.org&utm_campaign=imageinfo&utm_content=original,verified_from_wikimedia_manifest,Resolved from the lead image of https://en.wikipedia.org/wiki/Vaccinium_angustifolium
lungwort-lichen.jpg,Lungwort Lichen,Could not be independently verified,,Could not be independently verified,Original source and creator were not present in the available project records.,,,unverified_source_retained,Image retained at the owner's direction; replace or verify before public release if licensing cannot be established.
lupine.jpg,Lupine,CC BY-SA 4.0,https://creativecommons.org/licenses/by-sa/4.0,cassi saari,Own work,https://commons.wikimedia.org/wiki/File:Lupinus_perennis_in_flower.jpg,https://upload.wikimedia.org/wikipedia/commons/2/29/Lupinus_perennis_in_flower.jpg?utm_source=commons.wikimedia.org&utm_campaign=imageinfo&utm_content=original,verified_from_wikimedia_manifest,Resolved from the lead image of https://en.wikipedia.org/wiki/Lupinus_perennis
maitake.jpg,Maitake,CC BY-SA 2.0,https://creativecommons.org/licenses/by-sa/2.0,"Lukas from London, England",Grifola frondosa,https://commons.wikimedia.org/wiki/File:Grifola_frondosa_(29715305790).jpg,https://upload.wikimedia.org/wikipedia/commons/2/23/Grifola_frondosa_%2829715305790%29.jpg?utm_source=commons.wikimedia.org&utm_campaign=imageinfo&utm_content=original,verified_from_wikimedia_manifest,Resolved from the lead image of https://en.wikipedia.org/wiki/Grifola_frondosa
mallow-marshmallow-root.jpg,Mallow Marshmallow Root,Could not be independently verified,,Could not be independently verified,Original source and creator were not present in the available project records.,,,unverified_source_retained,Image retained at the owner's direction; replace or verify before public release if licensing cannot be established.
mallow.jpg,Mallow,CC BY-SA 3.0,https://creativecommons.org/licenses/by-sa/3.0,Alvesgaspar,Own work,https://commons.wikimedia.org/wiki/File:Mallow_January_2008-1.jpg,https://upload.wikimedia.org/wikipedia/commons/0/09/Mallow_January_2008-1.jpg?utm_source=commons.wikimedia.org&utm_campaign=imageinfo&utm_content=original,verified_from_wikimedia_manifest,Resolved from the lead image of https://en.wikipedia.org/wiki/Malva_sylvestris
man-of-the-earth-root.jpg,Man Of The Earth Root,Could not be independently verified,,Could not be independently verified,Original source and creator were not present in the available project records.,,,unverified_source_retained,Image retained at the owner's direction; replace or verify before public release if licensing cannot be established.
manual-fetal-repositioning.jpg,Manual Fetal Repositioning,CC BY 4.0,https://creativecommons.org/licenses/by/4.0,George Stubbs,https://wellcomeimages.org/indexplus/obf_images/65/e6/3cc603542bdd0594a0aebc779373.jpg Gallery: https://wellcomeimages.org/indexplus/image/L0009819.html Wellcome Collection gallery (2018-03-23): https://wellcomecollection.org/works/y2s5h5ng CC-BY-4.0,https://commons.wikimedia.org/wiki/File:As_tabula_IX_and_Child_presenting_feet_Wellcome_L0009819.jpg,https://upload.wikimedia.org/wikipedia/commons/7/7a/As_tabula_IX_and_Child_presenting_feet_Wellcome_L0009819.jpg?utm_source=commons.wikimedia.org&utm_campaign=imageinfo&utm_content=original,verified_from_wikimedia_manifest,Historical obstetric illustration of breech presentation; it is not a photograph of the named Kansas midwives or the repositioning procedure.
manzanita-berries.jpg,Manzanita Berries,Could not be independently verified,,Could not be independently verified,Original source and creator were not present in the available project records.,,,unverified_source_retained,Image retained at the owner's direction; replace or verify before public release if licensing cannot be established.
manzanita.jpg,Manzanita,CC BY-SA 3.0,https://creativecommons.org/licenses/by-sa/3.0,,,https://commons.wikimedia.org/wiki/File:Arctostaphylos_manzanita_3.jpg,https://upload.wikimedia.org/wikipedia/commons/4/4b/Arctostaphylos_manzanita_3.jpg?utm_source=commons.wikimedia.org&utm_campaign=imageinfo&utm_content=original,verified_from_wikimedia_manifest,Resolved from the lead image of https://en.wikipedia.org/wiki/Arctostaphylos_manzanita
mapleleaf-viburnum.jpg,Mapleleaf Viburnum,Could not be independently verified,,Could not be independently verified,Original source and creator were not present in the available project records.,,,unverified_source_retained,Image retained at the owner's direction; replace or verify before public release if licensing cannot be established.
marjoram.jpg,Marjoram,CC BY-SA 3.0,https://creativecommons.org/licenses/by-sa/3.0,H. Zell,Own work,https://commons.wikimedia.org/wiki/File:Origanum_majorana_002.JPG,https://upload.wikimedia.org/wikipedia/commons/5/5c/Origanum_majorana_002.JPG?utm_source=commons.wikimedia.org&utm_campaign=imageinfo&utm_content=original,verified_from_wikimedia_manifest,Resolved from the lead image of https://en.wikipedia.org/wiki/Marjoram
marlberry-fruit-and-leaf-south-florida.jpg,Marlberry Fruit and Leaves (South Florida),CC BY 2.0,https://creativecommons.org/licenses/by/2.0,Treeworld Wholesale,Ardisia Escallonioides (Marlberry) Bush,https://commons.wikimedia.org/wiki/File:Ardisia_Escallonioides_(Marlberry)_Bush_(28591109070).jpg,https://upload.wikimedia.org/wikipedia/commons/9/9a/Ardisia_Escallonioides_%28Marlberry%29_Bush_%2828591109070%29.jpg?utm_source=commons.wikimedia.org&utm_campaign=imageinfo&utm_content=original,verified_from_wikimedia_manifest,Exact species: Ardisia escallonioides.
marsh-marigold.jpg,Marsh marigold,Public domain,,Jasper33,"Originallly uploaded to English wikipedia 23:50, 8 May 2007",https://commons.wikimedia.org/wiki/File:Caltha_palustris_plant.JPG,https://upload.wikimedia.org/wikipedia/commons/5/5d/Caltha_palustris_plant.JPG?utm_source=commons.wikimedia.org&utm_campaign=imageinfo&utm_content=original,verified_from_wikimedia_manifest,Resolved from the lead image of https://en.wikipedia.org/wiki/Caltha_palustris
massage-for-women-s-complaints.jpg,Massage for Women's Complaints,No restrictions,https://www.flickr.com/commons/usage/,Internet Archive Book Images,https://www.flickr.com/photos/internetarchivebookimages/14577576038/ Source book page: https://archive.org/stream/leventretudeanat01bour/leventretudeanat01bour#page/n166/mode/1up,https://commons.wikimedia.org/wiki/File:Le_ventre._%C3%89tude_anatomique_et_clinqiue_de_la_cavit%C3%A9_abdominale_au_point_de_vue_du_massage_(1904)_(14577576038).jpg,https://upload.wikimedia.org/wikipedia/commons/1/10/Le_ventre._%C3%89tude_anatomique_et_clinqiue_de_la_cavit%C3%A9_abdominale_au_point_de_vue_du_massage_%281904%29_%2814577576038%29.jpg?utm_source=commons.wikimedia.org&utm_campaign=imageinfo&utm_content=original,verified_from_wikimedia_manifest,Historical abdominal-massage illustration; it is not a photograph of the named Kansas practitioners.
matsutake.jpg,Matsutake,CC BY-SA 3.0,https://creativecommons.org/licenses/by-sa/3.0,"This image was created by user tomcervenka at Mushroom Observer , a source for mycological images. You can contact this user here .","This image is Image Number 959693 at Mushroom Observer , a source for mycological images.",https://commons.wikimedia.org/wiki/File:2018-11-10_Tricholoma_murrillianum_Singer_959693.jpg,https://upload.wikimedia.org/wikipedia/commons/d/d4/2018-11-10_Tricholoma_murrillianum_Singer_959693.jpg?utm_source=commons.wikimedia.org&utm_campaign=imageinfo&utm_content=original,verified_from_wikimedia_manifest,Resolved from the lead image of https://en.wikipedia.org/wiki/Tricholoma_murrillianum
maximilian-sunflower.jpg,Maximilian sunflower,Public domain,,Jim Pisarowicz,http://www.nps.gov/wica/photosmultimedia/photo%2Dgallery%2Dwildflowers%2Ehtm?eid=133238&aId=168&root_aid=168&sort=title&startRow=64#e_133238,https://commons.wikimedia.org/wiki/File:Helianthus_maximiliani_NPS-1.jpg,https://upload.wikimedia.org/wikipedia/commons/7/7f/Helianthus_maximiliani_NPS-1.jpg?utm_source=commons.wikimedia.org&utm_campaign=imageinfo&utm_content=original,verified_from_wikimedia_manifest,Resolved from the lead image of https://en.wikipedia.org/wiki/Helianthus_maximiliani
mayapple-root.jpg,Mayapple Root,Could not be independently verified,,Could not be independently verified,Original source and creator were not present in the available project records.,,,unverified_source_retained,Image retained at the owner's direction; replace or verify before public release if licensing cannot be established.
mayapple.jpg,Mayapple,CC BY-SA 4.0,https://creativecommons.org/licenses/by-sa/4.0,Eric Hunt,Own work,https://commons.wikimedia.org/wiki/File:Podophyllum_peltatum_Arkansas.jpg,https://upload.wikimedia.org/wikipedia/commons/e/e9/Podophyllum_peltatum_Arkansas.jpg?utm_source=commons.wikimedia.org&utm_campaign=imageinfo&utm_content=original,verified_from_wikimedia_manifest,Resolved from the lead image of https://en.wikipedia.org/wiki/Podophyllum_peltatum
maypop.jpg,Maypop,Could not be independently verified,,Could not be independently verified,Original source and creator were not present in the available project records.,,,unverified_source_retained,Image retained at the owner's direction; replace or verify before public release if licensing cannot be established.
meadowsweet.jpg,Meadowsweet,Could not be independently verified,,Could not be independently verified,Original source and creator were not present in the available project records.,,,unverified_source_retained,Image retained at the owner's direction; replace or verify before public release if licensing cannot be established.
mesquite.jpg,Mesquite,Could not be independently verified,,Could not be independently verified,Original source and creator were not present in the available project records.,,,unverified_source_retained,Image retained at the owner's direction; replace or verify before public release if licensing cannot be established.
milk-thistle-seed-tonic.jpg,Milk Thistle Seed Tonic,Could not be independently verified,,Could not be independently verified,Original source and creator were not present in the available project records.,,,unverified_source_retained,Image retained at the owner's direction; replace or verify before public release if licensing cannot be established.
milk-thistle.jpg,Milk thistle,Public domain,,Jebulon,Own work,https://commons.wikimedia.org/wiki/File:Silybum_marianum_Gaertn._JdP.jpg,https://upload.wikimedia.org/wikipedia/commons/3/39/Silybum_marianum_Gaertn._JdP.jpg?utm_source=commons.wikimedia.org&utm_campaign=imageinfo&utm_content=original,verified_from_wikimedia_manifest,Recovered through targeted Commons search after lead-image pass.
milkweed-sap.jpg,Milkweed Sap,Could not be independently verified,,Could not be independently verified,Original source and creator were not present in the available project records.,,,unverified_source_retained,Image retained at the owner's direction; replace or verify before public release if licensing cannot be established.
millet.jpg,Millet,CC BY 4.0,https://creativecommons.org/licenses/by/4.0,Jschnable,Own work,https://commons.wikimedia.org/wiki/File:Mature_Proso_Millet_Panicles.jpg,https://upload.wikimedia.org/wikipedia/commons/4/40/Mature_Proso_Millet_Panicles.jpg?utm_source=commons.wikimedia.org&utm_campaign=imageinfo&utm_content=original,verified_from_wikimedia_manifest,Resolved from the lead image of https://en.wikipedia.org/wiki/Proso_millet
miners-candle.jpg,Miner's candle,CC BY-SA 3.0,https://creativecommons.org/licenses/by-sa/3.0,Stan Shebs,Own work,https://commons.wikimedia.org/wiki/File:Cryptantha_flavoculata_2.jpg,https://upload.wikimedia.org/wikipedia/commons/6/6d/Cryptantha_flavoculata_2.jpg?utm_source=commons.wikimedia.org&utm_campaign=imageinfo&utm_content=original,verified_from_wikimedia_manifest,Resolved from the lead image of https://en.wikipedia.org/wiki/Oreocarya_flavoculata
mint-menthol-source.jpg,Mint / menthol source,CC BY-SA 3.0,https://creativecommons.org/licenses/by-sa/3.0,C T Johansson,Own work,https://commons.wikimedia.org/wiki/File:Mentha_spicata-IMG_6186.jpg,https://upload.wikimedia.org/wikipedia/commons/4/4d/Mentha_spicata-IMG_6186.jpg?utm_source=commons.wikimedia.org&utm_campaign=imageinfo&utm_content=original,verified_from_wikimedia_manifest,Resolved from the lead image of https://en.wikipedia.org/wiki/Mentha
mistflower.jpg,Mistflower,CC BY 3.0,https://creativecommons.org/licenses/by/3.0,KENPEI,Own work,https://commons.wikimedia.org/wiki/File:Eupatorium_coelestinum3.jpg,https://upload.wikimedia.org/wikipedia/commons/1/12/Eupatorium_coelestinum3.jpg?utm_source=commons.wikimedia.org&utm_campaign=imageinfo&utm_content=original,verified_from_wikimedia_manifest,Resolved from the lead image of https://en.wikipedia.org/wiki/Conoclinium_coelestinum
molasses-tonic.jpg,Molasses Tonic,Could not be independently verified,,Could not be independently verified,Original source and creator were not present in the available project records.,,,unverified_source_retained,Image retained at the owner's direction; replace or verify before public release if licensing cannot be established.
moonseed.jpg,Moonseed,CC0,http://creativecommons.org/publicdomain/zero/1.0/deed.en,Cbaile19,Own work,"https://commons.wikimedia.org/wiki/File:Menispermum_canadense,_2015-06-02,_Frick_Park,_02.jpg",https://upload.wikimedia.org/wikipedia/commons/4/4c/Menispermum_canadense%2C_2015-06-02%2C_Frick_Park%2C_02.jpg?utm_source=commons.wikimedia.org&utm_campaign=imageinfo&utm_content=original,verified_from_wikimedia_manifest,Replaced after contact-sheet review rejected a non-field image.
morel.jpg,Morel,CC BY-SA 4.0,https://creativecommons.org/licenses/by-sa/4.0,Alan Rockefeller,Own work,https://commons.wikimedia.org/wiki/File:Morchella_americana_closer.JPG,https://upload.wikimedia.org/wikipedia/commons/d/dc/Morchella_americana_closer.JPG?utm_source=commons.wikimedia.org&utm_campaign=imageinfo&utm_content=original,verified_from_wikimedia_manifest,Resolved from the lead image of https://en.wikipedia.org/wiki/Morchella_americana
mormon-tea.jpg,Mormon Tea,Could not be independently verified,,Could not be independently verified,Original source and creator were not present in the available project records.,,,unverified_source_retained,Image retained at the owner's direction; replace or verify before public release if licensing cannot be established.
motherwort.jpg,Motherwort,CC BY-SA 3.0,https://creativecommons.org/licenses/by-sa/3.0,D. Gordon E. Robertson,Own work,https://commons.wikimedia.org/wiki/File:Motherwort.jpg,https://upload.wikimedia.org/wikipedia/commons/0/0e/Motherwort.jpg?utm_source=commons.wikimedia.org&utm_campaign=imageinfo&utm_content=original,verified_from_wikimedia_manifest,Resolved from the lead image of https://en.wikipedia.org/wiki/Leonurus_cardiaca
mountain-holly-berry-medicine.jpg,Mountain Holly Berry Medicine,Could not be independently verified,,Could not be independently verified,Original source and creator were not present in the available project records.,,,unverified_source_retained,Image retained at the owner's direction; replace or verify before public release if licensing cannot be established.
mountain-mahogany.jpg,Mountain Mahogany,Could not be independently verified,,Could not be independently verified,Original source and creator were not present in the available project records.,,,unverified_source_retained,Image retained at the owner's direction; replace or verify before public release if licensing cannot be established.
mountain-mint-tea.jpg,Mountain Mint Tea,Could not be independently verified,,Could not be independently verified,Original source and creator were not present in the available project records.,,,unverified_source_retained,Image retained at the owner's direction; replace or verify before public release if licensing cannot be established.
mouse-ear-hawkweed.jpg,Mouse Ear Hawkweed,Could not be independently verified,,Could not be independently verified,Original source and creator were not present in the available project records.,,,unverified_source_retained,Image retained at the owner's direction; replace or verify before public release if licensing cannot be established.
mules-ears.jpg,Mules Ears,Could not be independently verified,,Could not be independently verified,Original source and creator were not present in the available project records.,,,unverified_source_retained,Image retained at the owner's direction; replace or verify before public release if licensing cannot be established.
mullein-garlic-ear-oil.jpg,Mullein Garlic Ear Oil,Could not be independently verified,,Could not be independently verified,Original source and creator were not present in the available project records.,,,unverified_source_retained,Image retained at the owner's direction; replace or verify before public release if licensing cannot be established.
mullein.jpg,Mullein,Could not be independently verified,,Could not be independently verified,Original source and creator were not present in the available project records.,,,unverified_source_retained,Image retained at the owner's direction; replace or verify before public release if licensing cannot be established.
muscadine-grape.jpg,Muscadine grape,Public domain,,,,https://commons.wikimedia.org/wiki/File:Vitis_rotundifolia.jpg,https://upload.wikimedia.org/wikipedia/commons/8/8b/Vitis_rotundifolia.jpg?utm_source=commons.wikimedia.org&utm_campaign=imageinfo&utm_content=original,verified_from_wikimedia_manifest,Resolved from the lead image of https://en.wikipedia.org/wiki/Vitis_rotundifolia
musk.jpg,Musk,CC BY-SA 3.0,https://creativecommons.org/licenses/by-sa/3.0,乌拉跨氪,Own work,https://commons.wikimedia.org/wiki/File:Primary_Form_of_Musk.jpg,https://upload.wikimedia.org/wikipedia/commons/2/27/Primary_Form_of_Musk.jpg?utm_source=commons.wikimedia.org&utm_campaign=imageinfo&utm_content=original,verified_from_wikimedia_manifest,"Photograph of natural musk material; included as historical materia medica, not as an endorsement of animal-derived musk."
muskmelon.jpg,Muskmelon,CC BY-SA 2.0,https://creativecommons.org/licenses/by-sa/2.0,Seth Vidal,originally posted to Flickr as muskmelon,https://commons.wikimedia.org/wiki/File:Muskmelon.jpg,https://upload.wikimedia.org/wikipedia/commons/f/ff/Muskmelon.jpg?utm_source=commons.wikimedia.org&utm_campaign=imageinfo&utm_content=original,verified_from_wikimedia_manifest,Resolved from the lead image of https://en.wikipedia.org/wiki/Cucumis_melo
mustard-plaster.jpg,Mustard Plaster,Could not be independently verified,,Could not be independently verified,Original source and creator were not present in the available project records.,,,unverified_source_retained,Image retained at the owner's direction; replace or verify before public release if licensing cannot be established.
mustard.jpg,Mustard,CC BY 3.0 us,https://creativecommons.org/licenses/by/3.0/us/deed.en,Forest and Kim Starr,starr-150328-0837-Brassica_juncea-flowering_habit-South_Central_Eastern_Island-Midway_Atoll,https://commons.wikimedia.org/wiki/File:Starr-150328-0837-Brassica_juncea-flowering_habit-South_Central_Eastern_Island-Midway_Atoll_(25176149571).jpg,https://upload.wikimedia.org/wikipedia/commons/1/1f/Starr-150328-0837-Brassica_juncea-flowering_habit-South_Central_Eastern_Island-Midway_Atoll_%2825176149571%29.jpg?utm_source=commons.wikimedia.org&utm_campaign=imageinfo&utm_content=original,verified_from_wikimedia_manifest,Exact real-photo replacement selected after contact-sheet review.
myrrh.jpg,Myrrh,CC BY-SA 3.0,http://creativecommons.org/licenses/by-sa/3.0/,derivative work: Photohound ( talk ) IncenseWikiVers.jpg : Transferred from en.wikipedia to Commons by Trengarasu using CommonsHelper . The original uploader was Sjschen at English Wikipedia .,IncenseWikiVers.jpg,https://commons.wikimedia.org/wiki/File:Commiphora-myrrha-resin-myrrh.jpg,https://upload.wikimedia.org/wikipedia/commons/a/a2/Commiphora-myrrha-resin-myrrh.jpg?utm_source=commons.wikimedia.org&utm_campaign=imageinfo&utm_content=original,verified_from_wikimedia_manifest,Replaced after contact-sheet review rejected a non-field image.
nannyberry.jpg,Nannyberry,Public domain,,,,https://commons.wikimedia.org/wiki/File:Viburnum_lentago_NRCS-006.jpg,https://upload.wikimedia.org/wikipedia/commons/a/a7/Viburnum_lentago_NRCS-006.jpg?utm_source=commons.wikimedia.org&utm_campaign=imageinfo&utm_content=original,verified_from_wikimedia_manifest,Resolved from the lead image of https://en.wikipedia.org/wiki/Viburnum_lentago
narrowleaf-cattail.jpg,Narrowleaf cattail,CC BY-SA 4.0,https://creativecommons.org/licenses/by-sa/4.0,MPF,Own work,"https://commons.wikimedia.org/wiki/File:2014-06-22_Lesser_Bulrush,_Northumberland_1.jpg",https://upload.wikimedia.org/wikipedia/commons/a/ac/2014-06-22_Lesser_Bulrush%2C_Northumberland_1.jpg?utm_source=commons.wikimedia.org&utm_campaign=imageinfo&utm_content=original,verified_from_wikimedia_manifest,Resolved from the lead image of https://en.wikipedia.org/wiki/Typha_angustifolia
navajo-tea.jpg,Navajo tea,CC BY-SA 2.0,https://creativecommons.org/licenses/by-sa/2.0,Kumar Appaiah,Flickr : Yellow wildflower,https://commons.wikimedia.org/wiki/File:Thelesperma_filifolium_2.jpg,https://upload.wikimedia.org/wikipedia/commons/4/41/Thelesperma_filifolium_2.jpg?utm_source=commons.wikimedia.org&utm_campaign=imageinfo&utm_content=original,verified_from_wikimedia_manifest,Replaced after contact-sheet review rejected a non-field image.
nettle-leaf-giant-hyssop.jpg,Nettle-leaf giant hyssop,CC BY-SA 3.0,https://creativecommons.org/licenses/by-sa/3.0,Dcrjsr,Own work,https://commons.wikimedia.org/wiki/File:Giant_hyssop_Agastache_urticifolia.jpg,https://upload.wikimedia.org/wikipedia/commons/4/46/Giant_hyssop_Agastache_urticifolia.jpg?utm_source=commons.wikimedia.org&utm_campaign=imageinfo&utm_content=original,verified_from_wikimedia_manifest,Resolved from the lead image of https://en.wikipedia.org/wiki/Agastache_urticifolia
nettle.jpg,Nettle,CC BY-SA 2.0,https://creativecommons.org/licenses/by-sa/2.0,Evelyn Simak,Geograph Britain and Ireland,https://commons.wikimedia.org/wiki/File:Fen_nettle_(Urtica_dioica_ssp._galeopsifolia)_-_geograph.org.uk_-_5423125.jpg,https://upload.wikimedia.org/wikipedia/commons/6/6f/Fen_nettle_%28Urtica_dioica_ssp._galeopsifolia%29_-_geograph.org.uk_-_5423125.jpg?utm_source=commons.wikimedia.org&utm_campaign=imageinfo&utm_content=original,verified_from_wikimedia_manifest,Resolved from the lead image of https://en.wikipedia.org/wiki/Urtica_dioica
nevada-jointfir.jpg,Nevada Jointfir,Could not be independently verified,,Could not be independently verified,Original source and creator were not present in the available project records.,,,unverified_source_retained,Image retained at the owner's direction; replace or verify before public release if licensing cannot be established.
new-jersey-tea-root.jpg,New Jersey Tea Root,Could not be independently verified,,Could not be independently verified,Original source and creator were not present in the available project records.,,,unverified_source_retained,Image retained at the owner's direction; replace or verify before public release if licensing cannot be established.
ninebark.jpg,Ninebark,Could not be independently verified,,Could not be independently verified,Original source and creator were not present in the available project records.,,,unverified_source_retained,Image retained at the owner's direction; replace or verify before public release if licensing cannot be established.
nopal-prickly-pear-poultice.jpg,Nopal Prickly Pear Poultice,Could not be independently verified,,Could not be independently verified,Original source and creator were not present in the available project records.,,,unverified_source_retained,Image retained at the owner's direction; replace or verify before public release if licensing cannot be established.
northern-prickly-ash.jpg,Northern Prickly Ash,Could not be independently verified,,Could not be independently verified,Original source and creator were not present in the available project records.,,,unverified_source_retained,Image retained at the owner's direction; replace or verify before public release if licensing cannot be established.
northern-red-oak.jpg,Northern red oak,CC BY-SA 3.0,https://creativecommons.org/licenses/by-sa/3.0,Crusier,Own work,https://commons.wikimedia.org/wiki/File:Quercus_rubra_tree.JPG,https://upload.wikimedia.org/wikipedia/commons/3/34/Quercus_rubra_tree.JPG?utm_source=commons.wikimedia.org&utm_campaign=imageinfo&utm_content=original,verified_from_wikimedia_manifest,Recovered through targeted Commons search after lead-image pass.
northern-white-cedar-tea.jpg,Northern White Cedar Tea,Could not be independently verified,,Could not be independently verified,Original source and creator were not present in the available project records.,,,unverified_source_retained,Image retained at the owner's direction; replace or verify before public release if licensing cannot be established.
northern-white-cedar.jpg,Northern white cedar,Public domain,,,,https://commons.wikimedia.org/wiki/File:Thuja_occidentalis.jpg,https://upload.wikimedia.org/wikipedia/commons/a/a7/Thuja_occidentalis.jpg?utm_source=commons.wikimedia.org&utm_campaign=imageinfo&utm_content=original,verified_from_wikimedia_manifest,Resolved from the lead image of https://en.wikipedia.org/wiki/Thuja_occidentalis
nutmeg-mace.jpg,Nutmeg / mace,CC BY 4.0,https://creativecommons.org/licenses/by/4.0,Andre Hosper,https://www.inaturalist.org/photos/53112982,https://commons.wikimedia.org/wiki/File:Myristica_fragrans_53112982.jpg,https://upload.wikimedia.org/wikipedia/commons/1/13/Myristica_fragrans_53112982.jpg?utm_source=commons.wikimedia.org&utm_campaign=imageinfo&utm_content=original,verified_from_wikimedia_manifest,Recovered through targeted Commons search after lead-image pass.
nutritional-yeast.jpg,Nutritional Yeast,Could not be independently verified,,Could not be independently verified,Original source and creator were not present in the available project records.,,,unverified_source_retained,Image retained at the owner's direction; replace or verify before public release if licensing cannot be established.
oat.jpg,Oat,CC BY-SA 4.0,https://creativecommons.org/licenses/by-sa/4.0,Christian Fischer,Own work,https://commons.wikimedia.org/wiki/File:AvenaSativa3.jpg,https://upload.wikimedia.org/wikipedia/commons/f/f0/AvenaSativa3.jpg?utm_source=commons.wikimedia.org&utm_campaign=imageinfo&utm_content=original,verified_from_wikimedia_manifest,Resolved from the lead image of https://en.wikipedia.org/wiki/Oat
oatmeal-skin-soak.jpg,Oatmeal Skin Soak,Could not be independently verified,,Could not be independently verified,Original source and creator were not present in the available project records.,,,unverified_source_retained,Image retained at the owner's direction; replace or verify before public release if licensing cannot be established.
obedient-plant.jpg,Obedient plant,Public domain,,Hardyplants at English Wikipedia,Own work,https://commons.wikimedia.org/wiki/File:Physostegiavirg.jpg,https://upload.wikimedia.org/wikipedia/commons/e/eb/Physostegiavirg.jpg?utm_source=commons.wikimedia.org&utm_campaign=imageinfo&utm_content=original,verified_from_wikimedia_manifest,Resolved from the lead image of https://en.wikipedia.org/wiki/Physostegia_virginiana
oceanspray.jpg,Oceanspray,CC BY-SA 3.0,https://creativecommons.org/licenses/by-sa/3.0,Walter Siegmund (talk),Own work,https://commons.wikimedia.org/wiki/File:Holodiscus_discolor_3007.JPG,https://upload.wikimedia.org/wikipedia/commons/a/ae/Holodiscus_discolor_3007.JPG?utm_source=commons.wikimedia.org&utm_campaign=imageinfo&utm_content=original,verified_from_wikimedia_manifest,Resolved from the lead image of https://en.wikipedia.org/wiki/Holodiscus_discolor
ocotillo.jpg,Ocotillo,Could not be independently verified,,Could not be independently verified,Original source and creator were not present in the available project records.,,,unverified_source_retained,Image retained at the owner's direction; replace or verify before public release if licensing cannot be established.
okra-as-food-medicine.jpg,Okra As Food Medicine,Could not be independently verified,,Could not be independently verified,Original source and creator were not present in the available project records.,,,unverified_source_retained,Image retained at the owner's direction; replace or verify before public release if licensing cannot be established.
old-world-licorice.jpg,Old World licorice,CC BY-SA 4.0,https://creativecommons.org/licenses/by-sa/4.0,Erin Silversmith,Own work,https://commons.wikimedia.org/wiki/File:Glycyrrhiza_glabra_(Pile_of_Spanish_wood_chips).jpg,https://upload.wikimedia.org/wikipedia/commons/d/d8/Glycyrrhiza_glabra_%28Pile_of_Spanish_wood_chips%29.jpg?utm_source=commons.wikimedia.org&utm_campaign=imageinfo&utm_content=original,verified_from_wikimedia_manifest,Recovered through targeted Commons search after lead-image pass.
olive.jpg,Olive,Public domain,,Abu Shawka,Own work Transferred from en.wikipedia,https://commons.wikimedia.org/wiki/File:Olea_europaea_cuspidata-africana_Cape_Town.JPG,https://upload.wikimedia.org/wikipedia/commons/2/2d/Olea_europaea_cuspidata-africana_Cape_Town.JPG?utm_source=commons.wikimedia.org&utm_campaign=imageinfo&utm_content=original,verified_from_wikimedia_manifest,Resolved from the lead image of https://en.wikipedia.org/wiki/Olea_europaea
onion-poultice-syrup.jpg,Onion Poultice Syrup,Could not be independently verified,,Could not be independently verified,Original source and creator were not present in the available project records.,,,unverified_source_retained,Image retained at the owner's direction; replace or verify before public release if licensing cannot be established.
onion.jpg,Onion,CC BY-SA 3.0,https://creativecommons.org/licenses/by-sa/3.0,Colin,Own work,https://commons.wikimedia.org/wiki/File:Mixed_onions.jpg,https://upload.wikimedia.org/wikipedia/commons/a/a2/Mixed_onions.jpg?utm_source=commons.wikimedia.org&utm_campaign=imageinfo&utm_content=original,verified_from_wikimedia_manifest,Resolved from the lead image of https://en.wikipedia.org/wiki/Onion
opium-poppy.jpg,Opium poppy,CC BY 2.0,https://creativecommons.org/licenses/by/2.0,"tanja niggendijker from apeldoorn, the netherlands",poppies Uploaded by Epibase,https://commons.wikimedia.org/wiki/File:Papaver_somniferum_flowers.jpg,https://upload.wikimedia.org/wikipedia/commons/c/ce/Papaver_somniferum_flowers.jpg?utm_source=commons.wikimedia.org&utm_campaign=imageinfo&utm_content=original,verified_from_wikimedia_manifest,Resolved from the lead image of https://en.wikipedia.org/wiki/Papaver_somniferum
oregano.jpg,Oregano,CC BY-SA 3.0,https://creativecommons.org/licenses/by-sa/3.0,Ivar Leidus,Own work,https://commons.wikimedia.org/wiki/File:Origanum_vulgare_-_harilik_pune.jpg,https://upload.wikimedia.org/wikipedia/commons/1/14/Origanum_vulgare_-_harilik_pune.jpg?utm_source=commons.wikimedia.org&utm_campaign=imageinfo&utm_content=original,verified_from_wikimedia_manifest,Resolved from the lead image of https://en.wikipedia.org/wiki/Oregano
oregon-grape-root.jpg,Oregon Grape Root,Could not be independently verified,,Could not be independently verified,Original source and creator were not present in the available project records.,,,unverified_source_retained,Image retained at the owner's direction; replace or verify before public release if licensing cannot be established.
osha-root.jpg,Osha Root,Could not be independently verified,,Could not be independently verified,Original source and creator were not present in the available project records.,,,unverified_source_retained,Image retained at the owner's direction; replace or verify before public release if licensing cannot be established.
oswego-tea-scarlet-bee-balm.jpg,Oswego Tea Scarlet Bee Balm,Could not be independently verified,,Could not be independently verified,Original source and creator were not present in the available project records.,,,unverified_source_retained,Image retained at the owner's direction; replace or verify before public release if licensing cannot be established.
oyster-mushroom.jpg,Oyster mushroom,CC BY 3.0,https://creativecommons.org/licenses/by/3.0,voir ci-dessous / see below,Own work,https://commons.wikimedia.org/wiki/File:Pleurotus_ostreatus_JPG7.jpg,https://upload.wikimedia.org/wikipedia/commons/f/f6/Pleurotus_ostreatus_JPG7.jpg?utm_source=commons.wikimedia.org&utm_campaign=imageinfo&utm_content=original,verified_from_wikimedia_manifest,Resolved from the lead image of https://en.wikipedia.org/wiki/Pleurotus_ostreatus
pacific-blackberry-root.jpg,Pacific Blackberry Root,Could not be independently verified,,Could not be independently verified,Original source and creator were not present in the available project records.,,,unverified_source_retained,Image retained at the owner's direction; replace or verify before public release if licensing cannot be established.
pacific-crabapple.jpg,Pacific crabapple,Public domain,,Gordon Leppig & Andrea J. Pickart,http://www.fws.gov/humboldtbay/plantguide/genus-m.html,https://commons.wikimedia.org/wiki/File:Malusfusca.jpg,https://upload.wikimedia.org/wikipedia/commons/2/2f/Malusfusca.jpg?utm_source=commons.wikimedia.org&utm_campaign=imageinfo&utm_content=original,verified_from_wikimedia_manifest,Resolved from the lead image of https://en.wikipedia.org/wiki/Malus_fusca
pacific-madrone.jpg,Pacific madrone,CC BY-SA 3.0,https://creativecommons.org/licenses/by-sa/3.0,Walter Siegmund (talk),Own work,https://commons.wikimedia.org/wiki/File:Arbutus_menziesii_5822.JPG,https://upload.wikimedia.org/wikipedia/commons/2/25/Arbutus_menziesii_5822.JPG?utm_source=commons.wikimedia.org&utm_campaign=imageinfo&utm_content=original,verified_from_wikimedia_manifest,Resolved from the lead image of https://en.wikipedia.org/wiki/Arbutus_menziesii
pacific-poison-oak.jpg,Pacific Poison Oak,Could not be independently verified,,Could not be independently verified,Original source and creator were not present in the available project records.,,,unverified_source_retained,Image retained at the owner's direction; replace or verify before public release if licensing cannot be established.
pacific-yew.jpg,Pacific yew,CC BY 2.0,https://creativecommons.org/licenses/by/2.0,Jason Hollinger,Pacific Yew,https://commons.wikimedia.org/wiki/File:Taxus_brevifolia_Blue_Mts_WA.jpg,https://upload.wikimedia.org/wikipedia/commons/8/84/Taxus_brevifolia_Blue_Mts_WA.jpg?utm_source=commons.wikimedia.org&utm_campaign=imageinfo&utm_content=original,verified_from_wikimedia_manifest,Resolved from the lead image of https://en.wikipedia.org/wiki/Taxus_brevifolia
palmer-amaranth.jpg,Palmer amaranth,CC BY-SA 3.0,http://creativecommons.org/licenses/by-sa/3.0/,Pompilid,Own work,https://commons.wikimedia.org/wiki/File:Amaranthus_palmeri.jpg,https://upload.wikimedia.org/wikipedia/commons/4/4d/Amaranthus_palmeri.jpg?utm_source=commons.wikimedia.org&utm_campaign=imageinfo&utm_content=original,verified_from_wikimedia_manifest,Resolved from the lead image of https://en.wikipedia.org/wiki/Amaranthus_palmeri
palo-verde.jpg,Palo verde,CC BY 3.0,https://creativecommons.org/licenses/by/3.0,Forest & Kim Starr,"Plants of Hawaii, Image 010209-0260 from http://www.starrenvironmental.com/plants/images/image/?q=010209-0260",https://commons.wikimedia.org/wiki/File:Starr_010209-0260_Parkinsonia_aculeata.jpg,https://upload.wikimedia.org/wikipedia/commons/0/0d/Starr_010209-0260_Parkinsonia_aculeata.jpg?utm_source=commons.wikimedia.org&utm_campaign=imageinfo&utm_content=original,verified_from_wikimedia_manifest,Resolved from the lead image of https://en.wikipedia.org/wiki/Parkinsonia
paper-birch-bark-sap.jpg,Paper Birch Bark Sap,Could not be independently verified,,Could not be independently verified,Original source and creator were not present in the available project records.,,,unverified_source_retained,Image retained at the owner's direction; replace or verify before public release if licensing cannot be established.
paper-birch.jpg,Paper birch,CC BY 2.0,https://creativecommons.org/licenses/by/2.0,InAweofGod'sCreation,13. The Fall of Acadia,https://commons.wikimedia.org/wiki/File:13._The_Fall_of_Acadia_(4039110079).jpg,https://upload.wikimedia.org/wikipedia/commons/6/68/13._The_Fall_of_Acadia_%284039110079%29.jpg?utm_source=commons.wikimedia.org&utm_campaign=imageinfo&utm_content=original,verified_from_wikimedia_manifest,Resolved from the lead image of https://en.wikipedia.org/wiki/Betula_papyrifera
parsley.jpg,Parsley,CC BY-SA 3.0,https://creativecommons.org/licenses/by-sa/3.0,H. Zell,Own work,https://commons.wikimedia.org/wiki/File:Petroselinum_crispum_003.JPG,https://upload.wikimedia.org/wikipedia/commons/0/0b/Petroselinum_crispum_003.JPG?utm_source=commons.wikimedia.org&utm_campaign=imageinfo&utm_content=original,verified_from_wikimedia_manifest,Recovered through targeted Commons search after lead-image pass.
partridge-pea.jpg,Partridge pea,CC BY-SA 2.0,https://creativecommons.org/licenses/by-sa/2.0,"Bob Peterson from North Palm Beach, Florida, Planet Earth!",Partridge Pea (Chamaecrista fasciculata)-light variety? Uploaded by Jacopo Werther,https://commons.wikimedia.org/wiki/File:Partridge_Pea_(Chamaecrista_fasciculata)-light_variety%3F_(7000513636).jpg,https://upload.wikimedia.org/wikipedia/commons/d/d1/Partridge_Pea_%28Chamaecrista_fasciculata%29-light_variety%3F_%287000513636%29.jpg?utm_source=commons.wikimedia.org&utm_campaign=imageinfo&utm_content=original,verified_from_wikimedia_manifest,
partridgeberry.jpg,Partridgeberry,CC BY-SA 4.0,https://creativecommons.org/licenses/by-sa/4.0,Sesamehoneytart,Own work,https://commons.wikimedia.org/wiki/File:Mitchella_repens_Partridge_berry_Norfolk_Connecticut_05112019.jpg,https://upload.wikimedia.org/wikipedia/commons/d/d5/Mitchella_repens_Partridge_berry_Norfolk_Connecticut_05112019.jpg?utm_source=commons.wikimedia.org&utm_campaign=imageinfo&utm_content=original,verified_from_wikimedia_manifest,Resolved from the lead image of https://en.wikipedia.org/wiki/Mitchella_repens
pasma-hilot.jpg,Pasma & Hilot,Public domain,,Department of Tourism,Department of Tourism Website,https://commons.wikimedia.org/wiki/File:DOT_to_boost_Japanese_tourist_arrivals_03.jpg,https://upload.wikimedia.org/wikipedia/commons/2/2c/DOT_to_boost_Japanese_tourist_arrivals_03.jpg?utm_source=commons.wikimedia.org&utm_campaign=imageinfo&utm_content=original,verified_from_wikimedia_manifest,Photograph of a Philippine Department of Tourism hilot exhibit; no massage treatment is shown.
pasqueflower.jpg,Pasqueflower,CC BY-SA 3.0,https://creativecommons.org/licenses/by-sa/3.0,Funkervogt,Own work,https://commons.wikimedia.org/wiki/File:Koniklec_otev%C5%99en%C3%BD_(Pulsatilla_patens).JPG,https://upload.wikimedia.org/wikipedia/commons/2/2e/Koniklec_otev%C5%99en%C3%BD_%28Pulsatilla_patens%29.JPG?utm_source=commons.wikimedia.org&utm_campaign=imageinfo&utm_content=original,verified_from_wikimedia_manifest,
pawpaw.jpg,Pawpaw,Could not be independently verified,,Could not be independently verified,Original source and creator were not present in the available project records.,,,unverified_source_retained,Image retained at the owner's direction; replace or verify before public release if licensing cannot be established.
peach-leaf-tea.jpg,Peach Leaf Tea,Could not be independently verified,,Could not be independently verified,Original source and creator were not present in the available project records.,,,unverified_source_retained,Image retained at the owner's direction; replace or verify before public release if licensing cannot be established.
peanut.jpg,Peanut,CC BY-SA 4.0,https://creativecommons.org/licenses/by-sa/4.0,Ivar Leidus,Own work,"https://commons.wikimedia.org/wiki/File:Peanuts_(Arachis_hypogaea)_-_in_shell,_shell_cracked_open,_shelled,_peeled.jpg",https://upload.wikimedia.org/wikipedia/commons/f/fb/Peanuts_%28Arachis_hypogaea%29_-_in_shell%2C_shell_cracked_open%2C_shelled%2C_peeled.jpg?utm_source=commons.wikimedia.org&utm_campaign=imageinfo&utm_content=original,verified_from_wikimedia_manifest,
pearly-everlasting.jpg,Pearly everlasting,Public domain,,Pendragon39,Transferred from en.wikipedia to Commons by TeleComNasSprVen .,https://commons.wikimedia.org/wiki/File:Anapahlis_margaritacea.jpg,https://upload.wikimedia.org/wikipedia/commons/3/32/Anapahlis_margaritacea.jpg?utm_source=commons.wikimedia.org&utm_campaign=imageinfo&utm_content=original,verified_from_wikimedia_manifest,Resolved from the lead image of https://en.wikipedia.org/wiki/Anaphalis_margaritacea
pecan.jpg,Pecan,CC BY-SA 4.0,https://creativecommons.org/licenses/by-sa/4.0,Olybrius,Self-photographed,https://commons.wikimedia.org/wiki/File:Montpellier_-_Jardin_des_plantes_-_Carya_illinoinensis_-_20250204_(1).jpg,https://upload.wikimedia.org/wikipedia/commons/5/5b/Montpellier_-_Jardin_des_plantes_-_Carya_illinoinensis_-_20250204_%281%29.jpg?utm_source=commons.wikimedia.org&utm_campaign=imageinfo&utm_content=original,verified_from_wikimedia_manifest,
pennyroyal-tea.jpg,Pennyroyal Tea,Could not be independently verified,,Could not be independently verified,Original source and creator were not present in the available project records.,,,unverified_source_retained,Image retained at the owner's direction; replace or verify before public release if licensing cannot be established.
peppergrass.jpg,Peppergrass,Public domain,,Mason Brock ( Masebrock ),Own work,https://commons.wikimedia.org/wiki/File:Lepidium_virginicum_ssp_virginicum.jpg,https://upload.wikimedia.org/wikipedia/commons/0/02/Lepidium_virginicum_ssp_virginicum.jpg?utm_source=commons.wikimedia.org&utm_campaign=imageinfo&utm_content=original,verified_from_wikimedia_manifest,Resolved from the lead image of https://en.wikipedia.org/wiki/Lepidium_virginicum
peppermint-tea.jpg,Peppermint Tea,Could not be independently verified,,Could not be independently verified,Original source and creator were not present in the available project records.,,,unverified_source_retained,Image retained at the owner's direction; replace or verify before public release if licensing cannot be established.
pickerelweed.jpg,Pickerelweed,CC BY-SA 4.0,https://creativecommons.org/licenses/by-sa/4.0,Michael Rivera,Own work,"https://commons.wikimedia.org/wiki/File:Coastal_Georgia_Botanical_Gardens,_Pickleweed_Pontederia_cordata.jpg",https://upload.wikimedia.org/wikipedia/commons/4/40/Coastal_Georgia_Botanical_Gardens%2C_Pickleweed_Pontederia_cordata.jpg?utm_source=commons.wikimedia.org&utm_campaign=imageinfo&utm_content=original,verified_from_wikimedia_manifest,
pigweed-amaranth.jpg,Pigweed / amaranth,CC BY-SA 3.0,http://creativecommons.org/licenses/by-sa/3.0/,Kurt Stüber [1],caliban.mpiz-koeln.mpg.de/mavica/index.html part of www.biolib.de,https://commons.wikimedia.org/wiki/File:Amaranthus_tricolor0.jpg,https://upload.wikimedia.org/wikipedia/commons/9/91/Amaranthus_tricolor0.jpg?utm_source=commons.wikimedia.org&utm_campaign=imageinfo&utm_content=original,verified_from_wikimedia_manifest,
pine-pitch-tallow-chest-rub.jpg,Pine Pitch Tallow Chest Rub,Could not be independently verified,,Could not be independently verified,Original source and creator were not present in the available project records.,,,unverified_source_retained,Image retained at the owner's direction; replace or verify before public release if licensing cannot be established.
pinkroot-indian-pink.jpg,Pinkroot Indian Pink,Could not be independently verified,,Could not be independently verified,Original source and creator were not present in the available project records.,,,unverified_source_retained,Image retained at the owner's direction; replace or verify before public release if licensing cannot be established.
pipsissewa-tea.jpg,Pipsissewa Tea,Could not be independently verified,,Could not be independently verified,Original source and creator were not present in the available project records.,,,unverified_source_retained,Image retained at the owner's direction; replace or verify before public release if licensing cannot be established.
pitch-pine-resin-plaster.jpg,Pitch Pine Resin Plaster,Could not be independently verified,,Could not be independently verified,Original source and creator were not present in the available project records.,,,unverified_source_retained,Image retained at the owner's direction; replace or verify before public release if licensing cannot be established.
pleurisy-root-butterfly-weed.jpg,Pleurisy Root Butterfly Weed,Could not be independently verified,,Could not be independently verified,Original source and creator were not present in the available project records.,,,unverified_source_retained,Image retained at the owner's direction; replace or verify before public release if licensing cannot be established.
poison-ivy.jpg,Poison ivy,CC BY-SA 4.0,https://creativecommons.org/licenses/by-sa/4.0,"Agnieszka Kwiecień, Nova",Own work,https://commons.wikimedia.org/wiki/File:Toxicodendron_radicans_syn._Rhus_radicans_Sumak_pn%C4%85cy_2019-04-28_01.jpg,https://upload.wikimedia.org/wikipedia/commons/6/6c/Toxicodendron_radicans_syn._Rhus_radicans_Sumak_pn%C4%85cy_2019-04-28_01.jpg?utm_source=commons.wikimedia.org&utm_campaign=imageinfo&utm_content=original,verified_from_wikimedia_manifest,
pokeweed-alabama.jpg,Pokeweed Alabama,Could not be independently verified,,Could not be independently verified,Original source and creator were not present in the available project records.,,,unverified_source_retained,Image retained at the owner's direction; replace or verify before public release if licensing cannot be established.
pokeweed.jpg,Pokeweed,Could not be independently verified,,Could not be independently verified,Original source and creator were not present in the available project records.,,,unverified_source_retained,Image retained at the owner's direction; replace or verify before public release if licensing cannot be established.
pomegranate.jpg,Pomegranate,CC BY-SA 3.0,https://creativecommons.org/licenses/by-sa/3.0,Augustus Binu : flickr,Own work,https://commons.wikimedia.org/wiki/File:Pomegranate_Juice_(2019).jpg,https://upload.wikimedia.org/wikipedia/commons/6/6a/Pomegranate_Juice_%282019%29.jpg?utm_source=commons.wikimedia.org&utm_campaign=imageinfo&utm_content=original,verified_from_wikimedia_manifest,Resolved from the lead image of https://en.wikipedia.org/wiki/Pomegranate
poppy-seeds.jpg,Poppy Seeds,Could not be independently verified,,Could not be independently verified,Original source and creator were not present in the available project records.,,,unverified_source_retained,Image retained at the owner's direction; replace or verify before public release if licensing cannot be established.
porcelain-berry.jpg,Porcelain berry,CC BY-SA 4.0,https://creativecommons.org/licenses/by-sa/4.0,"Krzysztof Ziarnek, Kenraiz",Own work,https://commons.wikimedia.org/wiki/File:Ampelopsis_glandulosa_kz01.jpg,https://upload.wikimedia.org/wikipedia/commons/9/91/Ampelopsis_glandulosa_kz01.jpg?utm_source=commons.wikimedia.org&utm_campaign=imageinfo&utm_content=original,verified_from_wikimedia_manifest,
possumhaw.jpg,Possumhaw,CC BY-SA 4.0,https://creativecommons.org/licenses/by-sa/4.0,Eric Hunt,Own work,https://commons.wikimedia.org/wiki/File:Ilex_decidua_4.jpg,https://upload.wikimedia.org/wikipedia/commons/0/05/Ilex_decidua_4.jpg?utm_source=commons.wikimedia.org&utm_campaign=imageinfo&utm_content=original,verified_from_wikimedia_manifest,Resolved from the lead image of https://en.wikipedia.org/wiki/Ilex_decidua
postpartum-recovery-soups.jpg,Postpartum Recovery Soups,CC BY 4.0,https://creativecommons.org/licenses/by/4.0,Wide Awake!,Own work,https://commons.wikimedia.org/wiki/File:Shredded_Chicken_Noodle_Soup_from_Red_Bowl_(2024-10-27).jpg,https://upload.wikimedia.org/wikipedia/commons/c/ca/Shredded_Chicken_Noodle_Soup_from_Red_Bowl_%282024-10-27%29.jpg?utm_source=commons.wikimedia.org&utm_campaign=imageinfo&utm_content=original,verified_from_wikimedia_manifest,Illustrative modern chicken-noodle soup; not a photograph of the named community's postpartum dish.
potato-poultice.jpg,Potato Poultice,Could not be independently verified,,Could not be independently verified,Original source and creator were not present in the available project records.,,,unverified_source_retained,Image retained at the owner's direction; replace or verify before public release if licensing cannot be established.
potato.jpg,Potato,CC BY 3.0,https://creativecommons.org/licenses/by/3.0,Forest & Kim Starr,"Plants of Hawaii, Image 080914-9946 from http://www.hear.org/starr/plants/images/image/?q=080914-9946",https://commons.wikimedia.org/wiki/File:Starr_080914-9946_Solanum_tuberosum.jpg,https://upload.wikimedia.org/wikipedia/commons/7/7e/Starr_080914-9946_Solanum_tuberosum.jpg?utm_source=commons.wikimedia.org&utm_campaign=imageinfo&utm_content=original,verified_from_wikimedia_manifest,
poteen-liniment-for-aching-joints.jpg,Poteen Liniment For Aching Joints,Could not be independently verified,,Could not be independently verified,Original source and creator were not present in the available project records.,,,unverified_source_retained,Image retained at the owner's direction; replace or verify before public release if licensing cannot be established.
prairie-coneflower.jpg,Prairie Coneflower,Could not be independently verified,,Could not be independently verified,Original source and creator were not present in the available project records.,,,unverified_source_retained,Image retained at the owner's direction; replace or verify before public release if licensing cannot be established.
prairie-rose-root.jpg,Prairie Rose Root,Could not be independently verified,,Could not be independently verified,Original source and creator were not present in the available project records.,,,unverified_source_retained,Image retained at the owner's direction; replace or verify before public release if licensing cannot be established.
prairie-turnip.jpg,Prairie Turnip,Could not be independently verified,,Could not be independently verified,Original source and creator were not present in the available project records.,,,unverified_source_retained,Image retained at the owner's direction; replace or verify before public release if licensing cannot be established.
prayer-to-stop-severe-bleeding.jpg,Prayer to Stop Severe Bleeding,Public domain,,Anonymous ( Germany ) Unknown author,Walters Art Museum : Home page Info about artwork,https://commons.wikimedia.org/wiki/File:German_-_Mathilde_Standing_with_Hands_Raised_in_Prayer_-_Walters_W106V_-_Full_Page.jpg,https://upload.wikimedia.org/wikipedia/commons/2/27/German_-_Mathilde_Standing_with_Hands_Raised_in_Prayer_-_Walters_W106V_-_Full_Page.jpg?utm_source=commons.wikimedia.org&utm_campaign=imageinfo&utm_content=original,verified_from_wikimedia_manifest,Medieval German manuscript depiction of prayer; it does not depict the named Volga German bleeding practice.
prickly-ash.jpg,Prickly Ash Bark for Quinsy & Sore Throat,CC BY-SA 4.0,https://creativecommons.org/licenses/by-sa/4.0,A. Barra,Own work,https://commons.wikimedia.org/wiki/File:Zanthoxylum_americanum.jpg,https://upload.wikimedia.org/wikipedia/commons/2/27/Zanthoxylum_americanum.jpg?utm_source=commons.wikimedia.org&utm_campaign=imageinfo&utm_content=original,verified_from_wikimedia_manifest,Exact species: Zanthoxylum americanum.
prickly-pear-pads-and-fruit.jpg,Prickly Pear Pads And Fruit,Could not be independently verified,,Could not be independently verified,Original source and creator were not present in the available project records.,,,unverified_source_retained,Image retained at the owner's direction; replace or verify before public release if licensing cannot be established.
princes-plume.jpg,Princes Plume,Could not be independently verified,,Could not be independently verified,Original source and creator were not present in the available project records.,,,unverified_source_retained,Image retained at the owner's direction; replace or verify before public release if licensing cannot be established.
propolis-tincture.jpg,Propolis Tincture,CC BY-SA 3.0,https://creativecommons.org/licenses/by-sa/3.0,Maša Sinreih in Valentina Vivod,Own work,https://commons.wikimedia.org/wiki/File:Propolis2.JPG,https://upload.wikimedia.org/wikipedia/commons/b/b5/Propolis2.JPG?utm_source=commons.wikimedia.org&utm_campaign=imageinfo&utm_content=original,verified_from_wikimedia_manifest,Photograph of raw propolis; it does not depict the finished tincture.
puffball-mushroom.jpg,Puffball Mushroom,Could not be independently verified,,Could not be independently verified,Original source and creator were not present in the available project records.,,,unverified_source_retained,Image retained at the owner's direction; replace or verify before public release if licensing cannot be established.
pumpkin.jpg,Pumpkin,CC BY-SA 4.0,https://creativecommons.org/licenses/by-sa/4.0,Salicyna,Own work,https://commons.wikimedia.org/wiki/File:Cucurbita_pepo_Goldena_2023-05-30_6559.jpg,https://upload.wikimedia.org/wikipedia/commons/e/e8/Cucurbita_pepo_Goldena_2023-05-30_6559.jpg?utm_source=commons.wikimedia.org&utm_campaign=imageinfo&utm_content=original,verified_from_wikimedia_manifest,
punk-ash-tobacco-iqmik.jpg,Punk Ash Tobacco Iqmik,Could not be independently verified,,Could not be independently verified,Original source and creator were not present in the available project records.,,,unverified_source_retained,Image retained at the owner's direction; replace or verify before public release if licensing cannot be established.
purple-prairie-clover.jpg,Purple Prairie Clover,Could not be independently verified,,Could not be independently verified,Original source and creator were not present in the available project records.,,,unverified_source_retained,Image retained at the owner's direction; replace or verify before public release if licensing cannot be established.
purple-sage.jpg,Purple Sage,Could not be independently verified,,Could not be independently verified,Original source and creator were not present in the available project records.,,,unverified_source_retained,Image retained at the owner's direction; replace or verify before public release if licensing cannot be established.
purslane-greens.jpg,Purslane Greens,Could not be independently verified,,Could not be independently verified,Original source and creator were not present in the available project records.,,,unverified_source_retained,Image retained at the owner's direction; replace or verify before public release if licensing cannot be established.
quailbush.jpg,Quailbush,Public domain,,WayneRay,"Windfield Photographic Collection, POB 340 Stn. B London Ontario Canada N6A 4W1",https://commons.wikimedia.org/wiki/File:Atriplex_lentiformis_WPC.jpg,https://upload.wikimedia.org/wikipedia/commons/7/79/Atriplex_lentiformis_WPC.jpg?utm_source=commons.wikimedia.org&utm_campaign=imageinfo&utm_content=original,verified_from_wikimedia_manifest,
quaking-aspen-bark-tea.jpg,Quaking Aspen Bark Tea,Could not be independently verified,,Could not be independently verified,Original source and creator were not present in the available project records.,,,unverified_source_retained,Image retained at the owner's direction; replace or verify before public release if licensing cannot be established.
queen-annes-lace.jpg,Queen Anne's lace,CC BY-SA 3.0,https://creativecommons.org/licenses/by-sa/3.0,Alvesgaspar,Own work,https://commons.wikimedia.org/wiki/File:Daucus_carota_May_2008-1_edit.jpg,https://upload.wikimedia.org/wikipedia/commons/2/23/Daucus_carota_May_2008-1_edit.jpg?utm_source=commons.wikimedia.org&utm_campaign=imageinfo&utm_content=original,verified_from_wikimedia_manifest,
quince.jpg,Quince,CC BY-SA 3.0,https://creativecommons.org/licenses/by-sa/3.0,Ввласенко,Own work,https://commons.wikimedia.org/wiki/File:Blooming_quince_(Cydonia_oblonga).jpg,https://upload.wikimedia.org/wikipedia/commons/5/59/Blooming_quince_%28Cydonia_oblonga%29.jpg?utm_source=commons.wikimedia.org&utm_campaign=imageinfo&utm_content=original,verified_from_wikimedia_manifest,Recovered through targeted Commons search after lead-image pass.
rabbit-tobacco-bayou-lacombe.jpg,Rabbit Tobacco Bayou Lacombe,Could not be independently verified,,Could not be independently verified,Original source and creator were not present in the available project records.,,,unverified_source_retained,Image retained at the owner's direction; replace or verify before public release if licensing cannot be established.
rabbit-tobacco.jpg,Rabbit tobacco,CC BY-SA 3.0,https://creativecommons.org/licenses/by-sa/3.0,H. Zell,Own work,https://commons.wikimedia.org/wiki/File:Pseudognaphalium_obtusifolium_003.JPG,https://upload.wikimedia.org/wikipedia/commons/6/62/Pseudognaphalium_obtusifolium_003.JPG?utm_source=commons.wikimedia.org&utm_campaign=imageinfo&utm_content=original,verified_from_wikimedia_manifest,Resolved from the lead image of https://en.wikipedia.org/wiki/Pseudognaphalium_obtusifolium
rabbitbrush.jpg,Rabbitbrush,CC BY-SA 2.0,https://creativecommons.org/licenses/by-sa/2.0,"Matt Lavin from Bozeman, Montana, USA",Ericameria nauseosa or Chrysothamnus nauseosus nauseosus Uploaded by Jacopo Werther,https://commons.wikimedia.org/wiki/File:Ericameria_nauseosa_or_Chrysothamnus_nauseosus_nauseosus_(4004127375).jpg,https://upload.wikimedia.org/wikipedia/commons/9/99/Ericameria_nauseosa_or_Chrysothamnus_nauseosus_nauseosus_%284004127375%29.jpg?utm_source=commons.wikimedia.org&utm_campaign=imageinfo&utm_content=original,verified_from_wikimedia_manifest,
railroad-camp-tea.jpg,Railroad Camp Tea,Public domain,,Unknown author Unknown author,Unknown source Unknown source,https://commons.wikimedia.org/wiki/File:Chinese_railroad_workers_in_snow.jpg,https://upload.wikimedia.org/wikipedia/commons/3/3e/Chinese_railroad_workers_in_snow.jpg?utm_source=commons.wikimedia.org&utm_campaign=imageinfo&utm_content=original,verified_from_wikimedia_manifest,Historical photograph of Chinese railroad workers in the Sierra Nevada; it does not depict tea preparation or a camp kitchen.
ramps.jpg,Ramps,Could not be independently verified,,Could not be independently verified,Original source and creator were not present in the available project records.,,,unverified_source_retained,Image retained at the owner's direction; replace or verify before public release if licensing cannot be established.
raspberry-leaf-tea.jpg,Raspberry Leaf Tea,Could not be independently verified,,Could not be independently verified,Original source and creator were not present in the available project records.,,,unverified_source_retained,Image retained at the owner's direction; replace or verify before public release if licensing cannot be established.
raspberry.jpg,Raspberry,CC BY-SA 3.0,https://creativecommons.org/licenses/by-sa/3.0,Kollányi Gábor,Transferred from hu.wikipedia to Commons.,https://commons.wikimedia.org/wiki/File:Fert%C5%91di_k%C3%A1rmin_m%C3%A1lna.JPG,https://upload.wikimedia.org/wikipedia/commons/4/4b/Fert%C5%91di_k%C3%A1rmin_m%C3%A1lna.JPG?utm_source=commons.wikimedia.org&utm_campaign=imageinfo&utm_content=original,verified_from_wikimedia_manifest,Resolved from the lead image of https://en.wikipedia.org/wiki/Rubus_idaeus
rattlesnake-master-root.jpg,Rattlesnake Master Root,Could not be independently verified,,Could not be independently verified,Original source and creator were not present in the available project records.,,,unverified_source_retained,Image retained at the owner's direction; replace or verify before public release if licensing cannot be established.
red-alder-bark-wash.jpg,Red Alder Bark Wash,CC BY-SA 2.0,https://creativecommons.org/licenses/by-sa/2.0,"brewbooks from near Seattle, USA",Alnus rubra (Red alder) near Chenuis Falls Trail,https://commons.wikimedia.org/wiki/File:Alnus_rubra_(Red_alder)_near_Chenuis_Falls_Trail_-_Flickr_-_brewbooks.jpg,https://upload.wikimedia.org/wikipedia/commons/9/9c/Alnus_rubra_%28Red_alder%29_near_Chenuis_Falls_Trail_-_Flickr_-_brewbooks.jpg?utm_source=commons.wikimedia.org&utm_campaign=imageinfo&utm_content=original,verified_from_wikimedia_manifest,Replacement selected for exact species and visible bark context: Alnus rubra.
red-ash-utility-wood.jpg,Red Ash Utility Wood,Could not be independently verified,,Could not be independently verified,Original source and creator were not present in the available project records.,,,unverified_source_retained,Image retained at the owner's direction; replace or verify before public release if licensing cannot be established.
red-bay-illustration.jpg,Red Bay,Could not be independently verified,,Could not be independently verified,Original source and creator were not present in the available project records.,,,unverified_source_retained,Image retained at the owner's direction; replace or verify before public release if licensing cannot be established.
red-bay-root.jpg,Red Bay Root,Could not be independently verified,,Could not be independently verified,Original source and creator were not present in the available project records.,,,unverified_source_retained,Image retained at the owner's direction; replace or verify before public release if licensing cannot be established.
red-bay.jpg,Red Bay,Could not be independently verified,,Could not be independently verified,Original source and creator were not present in the available project records.,,,unverified_source_retained,Image retained at the owner's direction; replace or verify before public release if licensing cannot be established.
red-clover.jpg,Red Clover,Could not be independently verified,,Could not be independently verified,Original source and creator were not present in the available project records.,,,unverified_source_retained,Image retained at the owner's direction; replace or verify before public release if licensing cannot be established.
red-elderberry-flowers.jpg,Red Elderberry Flowers,Could not be independently verified,,Could not be independently verified,Original source and creator were not present in the available project records.,,,unverified_source_retained,Image retained at the owner's direction; replace or verify before public release if licensing cannot be established.
red-maple-bark-wash.jpg,Red Maple Bark Wash,Could not be independently verified,,Could not be independently verified,Original source and creator were not present in the available project records.,,,unverified_source_retained,Image retained at the owner's direction; replace or verify before public release if licensing cannot be established.
red-mulberry.jpg,Red mulberry,CC BY-SA 4.0,https://creativecommons.org/licenses/by-sa/4.0,Douglas Goldman,Own work,https://commons.wikimedia.org/wiki/File:MorusRubra9.jpg,https://upload.wikimedia.org/wikipedia/commons/a/aa/MorusRubra9.jpg?utm_source=commons.wikimedia.org&utm_campaign=imageinfo&utm_content=original,verified_from_wikimedia_manifest,Resolved from the lead image of https://en.wikipedia.org/wiki/Morus_rubra
red-osier-dogwood-bark.jpg,Red Osier Dogwood Bark,Could not be independently verified,,Could not be independently verified,Original source and creator were not present in the available project records.,,,unverified_source_retained,Image retained at the owner's direction; replace or verify before public release if licensing cannot be established.
red-osier-dogwood.jpg,Red-osier dogwood,CC BY-SA 2.0,https://creativecommons.org/licenses/by-sa/2.0,"Matt Lavin from Bozeman, Montana, USA",Cornus sericea Uploaded by Tim1357,https://commons.wikimedia.org/wiki/File:Cornus_sericea_(5257605411).jpg,https://upload.wikimedia.org/wikipedia/commons/f/f7/Cornus_sericea_%285257605411%29.jpg?utm_source=commons.wikimedia.org&utm_campaign=imageinfo&utm_content=original,verified_from_wikimedia_manifest,Recovered through targeted Commons search after lead-image pass.
red-pine-white-pine-substitute.jpg,Red Pine as White Pine Substitute,Public domain,,,,https://commons.wikimedia.org/wiki/File:Pinus_resinosa.jpg,https://upload.wikimedia.org/wikipedia/commons/1/19/Pinus_resinosa.jpg?utm_source=commons.wikimedia.org&utm_campaign=imageinfo&utm_content=original,verified_from_wikimedia_manifest,Exact species: Pinus resinosa.
reindeer-lichen-newborn-wash.jpg,Reindeer Lichen Newborn Wash,Could not be independently verified,,Could not be independently verified,Original source and creator were not present in the available project records.,,,unverified_source_retained,Image retained at the owner's direction; replace or verify before public release if licensing cannot be established.
reindeer-lichen.jpg,Reindeer Lichen,Could not be independently verified,,Could not be independently verified,Original source and creator were not present in the available project records.,,,unverified_source_retained,Image retained at the owner's direction; replace or verify before public release if licensing cannot be established.
relevailles-postpartum-rest-and-churching.jpg,Relevailles (Postpartum Rest and Churching),CC BY-SA 4.0,https://creativecommons.org/licenses/by-sa/4.0,Bycro,Own work,https://commons.wikimedia.org/wiki/File:Relevailles_par_Paul_Sautai_01.jpg,https://upload.wikimedia.org/wikipedia/commons/c/c8/Relevailles_par_Paul_Sautai_01.jpg?utm_source=commons.wikimedia.org&utm_campaign=imageinfo&utm_content=original,verified_from_wikimedia_manifest,Historical artwork of relevailles/churching.
rendered-goose-fat.jpg,Schmaltz (Rendered Chicken Fat),CC BY-SA 3.0,https://creativecommons.org/licenses/by-sa/3.0,Rainer Zenz,Own work,https://commons.wikimedia.org/wiki/File:Gaenseschmalz-1.jpg,https://upload.wikimedia.org/wikipedia/commons/8/85/Gaenseschmalz-1.jpg?utm_source=commons.wikimedia.org&utm_campaign=imageinfo&utm_content=original,verified_from_wikimedia_manifest,Illustrative photograph of rendered goose fat. The schmaltz entry discusses rendered chicken fat and identifies goose fat as a traditional alternative.
ribwort-plantain.jpg,Ribwort plantain,CC BY-SA 3.0,http://creativecommons.org/licenses/by-sa/3.0/,sannse,Originally uploaded to English Wikipedia as Ribwort 600.jpg,https://commons.wikimedia.org/wiki/File:Ribwort_600.jpg,https://upload.wikimedia.org/wikipedia/commons/1/17/Ribwort_600.jpg?utm_source=commons.wikimedia.org&utm_campaign=imageinfo&utm_content=original,verified_from_wikimedia_manifest,Resolved from the lead image of https://en.wikipedia.org/wiki/Plantago_lanceolata
rice.jpg,Rice,CC BY-SA 3.0,https://creativecommons.org/licenses/by-sa/3.0,Augustus Binu : flickr : Instagram,Own work,https://commons.wikimedia.org/wiki/File:Mature_Rice_(India)_by_Augustus_Binu.jpg,https://upload.wikimedia.org/wikipedia/commons/f/f2/Mature_Rice_%28India%29_by_Augustus_Binu.jpg?utm_source=commons.wikimedia.org&utm_campaign=imageinfo&utm_content=original,verified_from_wikimedia_manifest,Resolved from the lead image of https://en.wikipedia.org/wiki/Oryza_sativa
roasted-onion-ear-pack.jpg,Roasted Onion Ear Pack,Could not be independently verified,,Could not be independently verified,Original source and creator were not present in the available project records.,,,unverified_source_retained,Image retained at the owner's direction; replace or verify before public release if licensing cannot be established.
rock-tripe.jpg,Rock tripe,CC BY-SA 3.0,http://creativecommons.org/licenses/by-sa/3.0/,No machine-readable author provided. Jensbn~commonswiki assumed (based on copyright claims).,No machine-readable source provided. Own work assumed (based on copyright claims).,https://commons.wikimedia.org/wiki/File:Umbilicaria_sp.jpg,https://upload.wikimedia.org/wikipedia/commons/8/88/Umbilicaria_sp.jpg?utm_source=commons.wikimedia.org&utm_campaign=imageinfo&utm_content=original,verified_from_wikimedia_manifest,
rockweed.jpg,Rockweed,CC BY 2.0,https://creativecommons.org/licenses/by/2.0,jkirkhart35,originally uploaded to Flickr as Fucus distichus (Rockweed),https://commons.wikimedia.org/wiki/File:Fucusdistichus.jpg,https://upload.wikimedia.org/wikipedia/commons/3/36/Fucusdistichus.jpg?utm_source=commons.wikimedia.org&utm_campaign=imageinfo&utm_content=original,verified_from_wikimedia_manifest,Resolved from the lead image of https://en.wikipedia.org/wiki/Fucus_distichus
rocky-mountain-beeplant.jpg,Rocky Mountain Beeplant,Could not be independently verified,,Could not be independently verified,Original source and creator were not present in the available project records.,,,unverified_source_retained,Image retained at the owner's direction; replace or verify before public release if licensing cannot be established.
roite-bindele-red-ribbon.jpg,Roite Bindele (Red Ribbon),CC0,http://creativecommons.org/publicdomain/zero/1.0/deed.en,Mx. Granger,Own work,https://commons.wikimedia.org/wiki/File:Kabbalistic_red_string.jpg,https://upload.wikimedia.org/wikipedia/commons/d/dc/Kabbalistic_red_string.jpg?utm_source=commons.wikimedia.org&utm_campaign=imageinfo&utm_content=original,verified_from_wikimedia_manifest,Illustrative photograph of a red protective string; it is not a historical photograph of the named household practice.
root-doctors-granny-women.jpg,Root Doctors & Granny Women,Public domain,,State Library and Archives of Florida,https://www.flickr.com/photos/floridamemory/8766888251/,"https://commons.wikimedia.org/wiki/File:Midwife_Annie_Mae_Taylor-Jasper,_Florida_(8766888251).jpg",https://upload.wikimedia.org/wikipedia/commons/9/9f/Midwife_Annie_Mae_Taylor-Jasper%2C_Florida_%288766888251%29.jpg?utm_source=commons.wikimedia.org&utm_campaign=imageinfo&utm_content=original,verified_from_wikimedia_manifest,"Photograph of African American midwife Annie Mae Taylor-Jasper in Florida; it does not depict a root doctor, foraging, or the unnamed healers in this entry."
roselle-hibiscus.jpg,Roselle hibiscus,CC BY-SA 4.0,https://creativecommons.org/licenses/by-sa/4.0,Invertzoo,Own work,"https://commons.wikimedia.org/wiki/File:Roselle,_Hibiscus_sabdariffa,_2014_01.JPG",https://upload.wikimedia.org/wikipedia/commons/c/cc/Roselle%2C_Hibiscus_sabdariffa%2C_2014_01.JPG?utm_source=commons.wikimedia.org&utm_campaign=imageinfo&utm_content=original,verified_from_wikimedia_manifest,Resolved from the lead image of https://en.wikipedia.org/wiki/Roselle_(plant)
rosemary.jpg,Rosemary,CC BY-SA 4.0,https://creativecommons.org/licenses/by-sa/4.0,Margalob,Own work,https://commons.wikimedia.org/wiki/File:Rosemary_in_bloom.JPG,https://upload.wikimedia.org/wikipedia/commons/a/a3/Rosemary_in_bloom.JPG?utm_source=commons.wikimedia.org&utm_campaign=imageinfo&utm_content=original,verified_from_wikimedia_manifest,Resolved from the lead image of https://en.wikipedia.org/wiki/Rosemary
rosinweed-cutleaf-coneflower.jpg,Rosinweed Cutleaf Coneflower,Could not be independently verified,,Could not be independently verified,Original source and creator were not present in the available project records.,,,unverified_source_retained,Image retained at the owner's direction; replace or verify before public release if licensing cannot be established.
royal-jelly.jpg,Royal Jelly,Could not be independently verified,,Could not be independently verified,Original source and creator were not present in the available project records.,,,unverified_source_retained,Image retained at the owner's direction; replace or verify before public release if licensing cannot be established.
rue.jpg,Rue,Could not be independently verified,,Could not be independently verified,Original source and creator were not present in the available project records.,,,unverified_source_retained,Image retained at the owner's direction; replace or verify before public release if licensing cannot be established.
russula-mushrooms.jpg,Russula mushrooms,CC BY-SA 4.0,https://creativecommons.org/licenses/by-sa/4.0,Alan Rockefeller,Own work,https://commons.wikimedia.org/wiki/File:Russulamexicana.jpg,https://upload.wikimedia.org/wikipedia/commons/b/b1/Russulamexicana.jpg?utm_source=commons.wikimedia.org&utm_campaign=imageinfo&utm_content=original,verified_from_wikimedia_manifest,Resolved from the lead image of https://en.wikipedia.org/wiki/Russula
rutabaga.jpg,Rutabaga,CC BY-SA 4.0,https://creativecommons.org/licenses/by-sa/4.0,"Kolforn ( Kolforn ) I'd appreciate if you could mail me (Kolforn@gmail.com) if you want to use this picture out of the Wikimedia project scope. This file is licensed under the Creative Commons Attribution-Share Alike 4.0 International license. You are free: to share – to copy, distribute and transmit the work to remix – to adapt the work Under the following conditions: attribution – You must give appropriate credit, provide a link to the license, and indicate if changes were made. You may do so in any reasonable manner, but not in any way that suggests the licensor endorses you or your use. share alike – If you remix, transform, or build upon the material, you must distribute your contributions under the same or compatible license as the original. https://creativecommons.org/licenses/by-sa/4.0 CC BY-SA 4.0 Creative Commons Attribution-Share Alike 4.0 true true",Own work,"https://commons.wikimedia.org/wiki/File:-2020-06-25_Swede_seedlings_(Brassica_napus_subsp._rapifera),_Trimingham.JPG",https://upload.wikimedia.org/wikipedia/commons/9/9a/-2020-06-25_Swede_seedlings_%28Brassica_napus_subsp._rapifera%29%2C_Trimingham.JPG?utm_source=commons.wikimedia.org&utm_campaign=imageinfo&utm_content=original,verified_from_wikimedia_manifest,Recovered through targeted Commons search after lead-image pass.
rye.jpg,Rye,CC BY-SA 3.0,http://creativecommons.org/licenses/by-sa/3.0/,LSDSL,Own work,https://commons.wikimedia.org/wiki/File:Ear_of_rye.jpg,https://upload.wikimedia.org/wikipedia/commons/7/79/Ear_of_rye.jpg?utm_source=commons.wikimedia.org&utm_campaign=imageinfo&utm_content=original,verified_from_wikimedia_manifest,Resolved from the lead image of https://en.wikipedia.org/wiki/Rye
sacred-datura.jpg,Sacred Datura,Could not be independently verified,,Could not be independently verified,Original source and creator were not present in the available project records.,,,unverified_source_retained,Image retained at the owner's direction; replace or verify before public release if licensing cannot be established.
saffron-milkcap.jpg,Saffron milkcap,CC BY-SA 3.0,http://creativecommons.org/licenses/by-sa/3.0/,,,https://commons.wikimedia.org/wiki/File:Lactarius_deliciosus.jpg,https://upload.wikimedia.org/wikipedia/commons/8/89/Lactarius_deliciosus.jpg?utm_source=commons.wikimedia.org&utm_campaign=imageinfo&utm_content=original,verified_from_wikimedia_manifest,Resolved from the lead image of https://en.wikipedia.org/wiki/Lactarius_deliciosus
sage-cold-tea.jpg,Sage Cold Tea,Could not be independently verified,,Could not be independently verified,Original source and creator were not present in the available project records.,,,unverified_source_retained,Image retained at the owner's direction; replace or verify before public release if licensing cannot be established.
sainte-anne-de-beaupre-pilgrimage.jpg,Pèlerinage à Sainte-Anne-de-Beaupré (Healing Pilgrimage),CC0,http://creativecommons.org/publicdomain/zero/1.0/deed.en,Wilfredor,Own work,https://commons.wikimedia.org/wiki/File:Basilique_Sainte-Anne-de-Beaupr%C3%A9_3.jpg,https://upload.wikimedia.org/wikipedia/commons/3/35/Basilique_Sainte-Anne-de-Beaupr%C3%A9_3.jpg?utm_source=commons.wikimedia.org&utm_campaign=imageinfo&utm_content=original,verified_from_wikimedia_manifest,Contextual photograph of the Basilica of Sainte-Anne-de-Beaupré; it is not a historical photograph of the named pilgrimage.
salal.jpg,Salal,CC BY 4.0,https://creativecommons.org/licenses/by/4.0,Robert Flogaus-Faust,Own work,https://commons.wikimedia.org/wiki/File:Gaultheria_shallon_RF.jpg,https://upload.wikimedia.org/wikipedia/commons/2/20/Gaultheria_shallon_RF.jpg?utm_source=commons.wikimedia.org&utm_campaign=imageinfo&utm_content=original,verified_from_wikimedia_manifest,Resolved from the lead image of https://en.wikipedia.org/wiki/Gaultheria_shallon
salmonberry.jpg,Salmonberry,Could not be independently verified,,Could not be independently verified,Original source and creator were not present in the available project records.,,,unverified_source_retained,Image retained at the owner's direction; replace or verify before public release if licensing cannot be established.
saskatoon-serviceberry.jpg,Saskatoon Serviceberry,Could not be independently verified,,Could not be independently verified,Original source and creator were not present in the available project records.,,,unverified_source_retained,Image retained at the owner's direction; replace or verify before public release if licensing cannot be established.
sassafras-choctaw-louisiana.jpg,Sassafras Choctaw Louisiana,Could not be independently verified,,Could not be independently verified,Original source and creator were not present in the available project records.,,,unverified_source_retained,Image retained at the owner's direction; replace or verify before public release if licensing cannot be established.
sassafras-illustration.jpg,Sassafras,Could not be independently verified,,Could not be independently verified,Original source and creator were not present in the available project records.,,,unverified_source_retained,Image retained at the owner's direction; replace or verify before public release if licensing cannot be established.
sassafras.jpg,Sassafras,CC BY-SA 3.0,https://creativecommons.org/licenses/by-sa/3.0,Randy Everette,Imported from 500px ( archived version ) by the Archive Team . ( detail page ),https://commons.wikimedia.org/wiki/File:Sassafras_Leaves_June_Nbg_(261691941).jpeg,https://upload.wikimedia.org/wikipedia/commons/5/5e/Sassafras_Leaves_June_Nbg_%28261691941%29.jpeg?utm_source=commons.wikimedia.org&utm_campaign=imageinfo&utm_content=original,verified_from_wikimedia_manifest,Resolved from the lead image of https://en.wikipedia.org/wiki/Sassafras_albidum
saw-palmetto-berries.jpg,Saw Palmetto Berries,Could not be independently verified,,Could not be independently verified,Original source and creator were not present in the available project records.,,,unverified_source_retained,Image retained at the owner's direction; replace or verify before public release if licensing cannot be established.
saw-palmetto-seminole.jpg,Saw Palmetto Seminole,Could not be independently verified,,Could not be independently verified,Original source and creator were not present in the available project records.,,,unverified_source_retained,Image retained at the owner's direction; replace or verify before public release if licensing cannot be established.
sawgrass-thatching-miccosukee-seminole.jpg,Sawgrass Thatching and Weaving (Miccosukee & Seminole),CC BY-SA 3.0,https://creativecommons.org/licenses/by-sa/3.0,Hans Hillewaert,Own work,https://commons.wikimedia.org/wiki/File:Cladium_jamaicense.jpg,https://upload.wikimedia.org/wikipedia/commons/c/c0/Cladium_jamaicense.jpg?utm_source=commons.wikimedia.org&utm_campaign=imageinfo&utm_content=original,verified_from_wikimedia_manifest,Exact species: Cladium jamaicense.
scalteen-whiskey-milk-punch.jpg,Scalteen (Whiskey Milk Punch),CC BY-SA 4.0,https://creativecommons.org/licenses/by-sa/4.0,Ilikefood,Own work,https://commons.wikimedia.org/wiki/File:Clarified_milk_punches_in_tasting_glasses.jpg,https://upload.wikimedia.org/wikipedia/commons/f/f8/Clarified_milk_punches_in_tasting_glasses.jpg?utm_source=commons.wikimedia.org&utm_campaign=imageinfo&utm_content=original,verified_from_wikimedia_manifest,Modern clarified alcoholic milk punches; they are not Irish scalteen and do not contain whiskey.
scarlet-globemallow.jpg,Scarlet Globemallow,Could not be independently verified,,Could not be independently verified,Original source and creator were not present in the available project records.,,,unverified_source_retained,Image retained at the owner's direction; replace or verify before public release if licensing cannot be established.
sea-grape-bark-and-fruit-florida-keys.jpg,Sea Grape Bark And Fruit Florida Keys,Could not be independently verified,,Could not be independently verified,Original source and creator were not present in the available project records.,,,unverified_source_retained,Image retained at the owner's direction; replace or verify before public release if licensing cannot be established.
seed-bear-fat-hair-tonic.jpg,Seed & Bear-Fat Hair Tonic,CC BY 4.0,https://creativecommons.org/licenses/by/4.0,,https://wellcomeimages.org/indexplus/obf_images/0d/93/9a092b8946405a7015861ddcc5f9.jpg Gallery: https://wellcomeimages.org/indexplus/image/M0018240.html Wellcome Collection gallery (2018-04-01): https://wellcomecollection.org/works/r8q42v48 CC-BY-4.0,https://commons.wikimedia.org/wiki/File:Pharmacy;_Bear%27s_grease_for_hair_Wellcome_M0018240.jpg,https://upload.wikimedia.org/wikipedia/commons/7/72/Pharmacy%3B_Bear%27s_grease_for_hair_Wellcome_M0018240.jpg?utm_source=commons.wikimedia.org&utm_campaign=imageinfo&utm_content=original,verified_from_wikimedia_manifest,Historical labels for commercial bear's grease sold for hair; they do not depict the Ohlone seed-and-bear-fat preparation.
seepwillow-batamote.jpg,Seepwillow Batamote,Could not be independently verified,,Could not be independently verified,Original source and creator were not present in the available project records.,,,unverified_source_retained,Image retained at the owner's direction; replace or verify before public release if licensing cannot be established.
self-heal-heal-all-tea.jpg,Self Heal Heal All Tea,Could not be independently verified,,Could not be independently verified,Original source and creator were not present in the available project records.,,,unverified_source_retained,Image retained at the owner's direction; replace or verify before public release if licensing cannot be established.
senhor-santo-cristo-procession.jpg,Milagres and the Feast of Senhor Santo Cristo,CC BY 2.0,https://creativecommons.org/licenses/by/2.0,"David Stanley from Nanaimo, Canada",Festas do Senhor Santo Cristo dos Milagres,https://commons.wikimedia.org/wiki/File:Festas_do_Senhor_Santo_Cristo_dos_Milagres_(14804659402).jpg,https://upload.wikimedia.org/wikipedia/commons/2/25/Festas_do_Senhor_Santo_Cristo_dos_Milagres_%2814804659402%29.jpg?utm_source=commons.wikimedia.org&utm_campaign=imageinfo&utm_content=original,verified_from_wikimedia_manifest,"Photograph of the Senhor Santo Cristo dos Milagres procession in Ponta Delgada, Azores; it is not the Fall River procession."
senna-pod-tea.jpg,Senna Pod Tea,Could not be independently verified,,Could not be independently verified,Original source and creator were not present in the available project records.,,,unverified_source_retained,Image retained at the owner's direction; replace or verify before public release if licensing cannot be established.
sensitive-briar.jpg,Sensitive briar,CC BY-SA 2.0,https://creativecommons.org/licenses/by-sa/2.0,"Bob Peterson from North Palm Beach, Florida, Planet Earth!",Sensitive brier (Mimosa quadrivalvis L. var. angustata) Uploaded by Jacopo Werther,https://commons.wikimedia.org/wiki/File:Sensitive_brier_(Mimosa_quadrivalvis_L._var._angustata)_(7483230172).jpg,https://upload.wikimedia.org/wikipedia/commons/e/ed/Sensitive_brier_%28Mimosa_quadrivalvis_L._var._angustata%29_%287483230172%29.jpg?utm_source=commons.wikimedia.org&utm_campaign=imageinfo&utm_content=original,verified_from_wikimedia_manifest,
serviceberry.jpg,Serviceberry,CC BY-SA 4.0,https://creativecommons.org/licenses/by-sa/4.0,Thayne Tuason,Own work,https://commons.wikimedia.org/wiki/File:Amelanchier_alnifolia_var._semiintegrifolia_4.jpg,https://upload.wikimedia.org/wikipedia/commons/b/b2/Amelanchier_alnifolia_var._semiintegrifolia_4.jpg?utm_source=commons.wikimedia.org&utm_campaign=imageinfo&utm_content=original,verified_from_wikimedia_manifest,Resolved from the lead image of https://en.wikipedia.org/wiki/Amelanchier_alnifolia
sesame.jpg,Sesame,CC BY-SA 4.0,https://creativecommons.org/licenses/by-sa/4.0,PJeganathan,Own work,https://commons.wikimedia.org/wiki/File:Sesame_Sesamum_indicum_farm_in_andhra_JEG5192.jpg,https://upload.wikimedia.org/wikipedia/commons/c/c9/Sesame_Sesamum_indicum_farm_in_andhra_JEG5192.jpg?utm_source=commons.wikimedia.org&utm_campaign=imageinfo&utm_content=original,verified_from_wikimedia_manifest,
shaggy-mane.jpg,Shaggy mane,CC BY-SA 4.0,https://creativecommons.org/licenses/by-sa/4.0,Bigredwine1,Own work,"https://commons.wikimedia.org/wiki/File:Coprinus_comatus,_the_shaggy_ink_cap,_lawyer%27s_wig,_or_shaggy_mane_mushroom.jpg",https://upload.wikimedia.org/wikipedia/commons/6/66/Coprinus_comatus%2C_the_shaggy_ink_cap%2C_lawyer%27s_wig%2C_or_shaggy_mane_mushroom.jpg?utm_source=commons.wikimedia.org&utm_campaign=imageinfo&utm_content=original,verified_from_wikimedia_manifest,Resolved from the lead image of https://en.wikipedia.org/wiki/Coprinus_comatus
shellbark-hickory.jpg,Shellbark Hickory,Could not be independently verified,,Could not be independently verified,Original source and creator were not present in the available project records.,,,unverified_source_retained,Image retained at the owner's direction; replace or verify before public release if licensing cannot be established.
shepherds-purse.jpg,Shepherd's purse,CC BY-SA 4.0,https://creativecommons.org/licenses/by-sa/4.0,SaltySemanticSchmuck,Own work,https://commons.wikimedia.org/wiki/File:A_Field_of_Shepherd%E2%80%99s-purse.jpg,https://upload.wikimedia.org/wikipedia/commons/e/e2/A_Field_of_Shepherd%E2%80%99s-purse.jpg?utm_source=commons.wikimedia.org&utm_campaign=imageinfo&utm_content=original,verified_from_wikimedia_manifest,Resolved from the lead image of https://en.wikipedia.org/wiki/Capsella_bursa-pastoris
shore-pine.jpg,Shore pine,CC BY 4.0,https://creativecommons.org/licenses/by/4.0,Robert Flogaus-Faust,Own work,"https://commons.wikimedia.org/wiki/File:Pinus_contorta_subsp_contorta,_Richmond_Nature_Park,_Richmond,_BC,_Canada.jpg",https://upload.wikimedia.org/wikipedia/commons/a/a9/Pinus_contorta_subsp_contorta%2C_Richmond_Nature_Park%2C_Richmond%2C_BC%2C_Canada.jpg?utm_source=commons.wikimedia.org&utm_campaign=imageinfo&utm_content=original,verified_from_wikimedia_manifest,Recovered through targeted Commons search after lead-image pass.
showy-milkweed.jpg,Showy milkweed,CC BY 2.0,https://creativecommons.org/licenses/by/2.0,vicki watkins from USA,"Badlands National Park, SD",https://commons.wikimedia.org/wiki/File:Asclepias_speciosa1jakesmome.jpg,https://upload.wikimedia.org/wikipedia/commons/d/d1/Asclepias_speciosa1jakesmome.jpg?utm_source=commons.wikimedia.org&utm_campaign=imageinfo&utm_content=original,verified_from_wikimedia_manifest,Resolved from the lead image of https://en.wikipedia.org/wiki/Asclepias_speciosa
siberian-miners-lettuce-hair-wash.jpg,Siberian Miner's Lettuce Hair Wash,CC BY 2.5,https://creativecommons.org/licenses/by/2.5,Walter Siegmund,Own work,https://commons.wikimedia.org/wiki/File:Claytonia_sibirica_10307.JPG,https://upload.wikimedia.org/wikipedia/commons/a/a8/Claytonia_sibirica_10307.JPG?utm_source=commons.wikimedia.org&utm_campaign=imageinfo&utm_content=original,verified_from_wikimedia_manifest,Exact species: Claytonia sibirica.
silver-maple-bark.jpg,Silver Maple Bark,Could not be independently verified,,Could not be independently verified,Original source and creator were not present in the available project records.,,,unverified_source_retained,Image retained at the owner's direction; replace or verify before public release if licensing cannot be established.
silverleaf-nightshade.jpg,Silverleaf nightshade,CC BY 2.5,https://creativecommons.org/licenses/by/2.5,No machine-readable author provided. JerryFriedman assumed (based on copyright claims).,No machine-readable source provided. Own work assumed (based on copyright claims).,https://commons.wikimedia.org/wiki/File:Solanum_elaeagnifolium2.jpg,https://upload.wikimedia.org/wikipedia/commons/d/d1/Solanum_elaeagnifolium2.jpg?utm_source=commons.wikimedia.org&utm_campaign=imageinfo&utm_content=original,verified_from_wikimedia_manifest,Resolved from the lead image of https://en.wikipedia.org/wiki/Solanum_elaeagnifolium
silverweed.jpg,Silverweed,CC BY-SA 3.0,https://creativecommons.org/licenses/by-sa/3.0,Walter Siegmund (talk),Own work,https://commons.wikimedia.org/wiki/File:Argentina_egedii_2834.JPG,https://upload.wikimedia.org/wikipedia/commons/f/f1/Argentina_egedii_2834.JPG?utm_source=commons.wikimedia.org&utm_campaign=imageinfo&utm_content=original,verified_from_wikimedia_manifest,Resolved from the lead image of https://en.wikipedia.org/wiki/Argentina_anserina
singleleaf-pinyon.jpg,Singleleaf pinyon,CC BY 4.0,https://creativecommons.org/licenses/by/4.0,Thayne Tuason,Own work,https://commons.wikimedia.org/wiki/File:Pinus_monophylla-_branch.jpg,https://upload.wikimedia.org/wikipedia/commons/4/45/Pinus_monophylla-_branch.jpg?utm_source=commons.wikimedia.org&utm_campaign=imageinfo&utm_content=original,verified_from_wikimedia_manifest,Exact species photograph selected after rejecting a hybrid.
sitka-spruce.jpg,Sitka spruce,CC BY-SA 4.0,https://creativecommons.org/licenses/by-sa/4.0,Graaf van Vlaanderen,Own work,https://commons.wikimedia.org/wiki/File:Sitka_01.JPG,https://upload.wikimedia.org/wikipedia/commons/4/48/Sitka_01.JPG?utm_source=commons.wikimedia.org&utm_campaign=imageinfo&utm_content=original,verified_from_wikimedia_manifest,Resolved from the lead image of https://en.wikipedia.org/wiki/Picea_sitchensis
skunk-cabbage-root.jpg,Skunk Cabbage Root,Could not be independently verified,,Could not be independently verified,Original source and creator were not present in the available project records.,,,unverified_source_retained,Image retained at the owner's direction; replace or verify before public release if licensing cannot be established.
slippery-elm-bark.jpg,Slippery Elm Bark,Could not be independently verified,,Could not be independently verified,Original source and creator were not present in the available project records.,,,unverified_source_retained,Image retained at the owner's direction; replace or verify before public release if licensing cannot be established.
smartweed.jpg,Smartweed,Public domain,,Robert H. Mohlenbrock,http://plants.usda.gov/java/largeImage?imageID=popu5_001_avp.tif,https://commons.wikimedia.org/wiki/File:Persicaria_punctata_NRCS-1.jpg,https://upload.wikimedia.org/wikipedia/commons/c/c7/Persicaria_punctata_NRCS-1.jpg?utm_source=commons.wikimedia.org&utm_campaign=imageinfo&utm_content=original,verified_from_wikimedia_manifest,
smooth-beardtongue.jpg,Smooth beardtongue,CC0,http://creativecommons.org/publicdomain/zero/1.0/deed.en,Brian Dickerson https://www.inaturalist.org/people/aggie_wildlifer,https://www.inaturalist.org/observations/201704748,https://commons.wikimedia.org/wiki/File:Penstemon_glaber_-_Brian_Dickerson_01.jpg,https://upload.wikimedia.org/wikipedia/commons/8/86/Penstemon_glaber_-_Brian_Dickerson_01.jpg?utm_source=commons.wikimedia.org&utm_campaign=imageinfo&utm_content=original,verified_from_wikimedia_manifest,Resolved from the lead image of https://en.wikipedia.org/wiki/Penstemon_glaber
smooth-sumac-wash.jpg,Smooth Sumac Wash,Could not be independently verified,,Could not be independently verified,Original source and creator were not present in the available project records.,,,unverified_source_retained,Image retained at the owner's direction; replace or verify before public release if licensing cannot be established.
smooth-sumac.jpg,Smooth sumac,CC BY-SA 4.0,https://creativecommons.org/licenses/by-sa/4.0,Eric Hunt,Own work,https://commons.wikimedia.org/wiki/File:Rhus_glabra_AR.jpg,https://upload.wikimedia.org/wikipedia/commons/7/79/Rhus_glabra_AR.jpg?utm_source=commons.wikimedia.org&utm_campaign=imageinfo&utm_content=original,verified_from_wikimedia_manifest,Resolved from the lead image of https://en.wikipedia.org/wiki/Rhus_glabra
snapdragon-vine.jpg,Snapdragon vine,CC BY-SA 4.0,https://creativecommons.org/licenses/by-sa/4.0,Juan Carlos Fonseca Mata,Own work,https://commons.wikimedia.org/wiki/File:Hierba_del_coraz%C3%B3n_(Maurandella_antirrhiniflora)_I.jpg,https://upload.wikimedia.org/wikipedia/commons/8/83/Hierba_del_coraz%C3%B3n_%28Maurandella_antirrhiniflora%29_I.jpg?utm_source=commons.wikimedia.org&utm_campaign=imageinfo&utm_content=original,verified_from_wikimedia_manifest,Resolved from the lead image of https://en.wikipedia.org/wiki/Maurandella
sneezeweed.jpg,Sneezeweed,CC BY-SA 4.0,https://creativecommons.org/licenses/by-sa/4.0,Dominicus Johannes Bergsma,Own work,https://commons.wikimedia.org/wiki/File:Bloem_van_Helenium_autumnale._12-09-2021._(d.j.b).jpg,https://upload.wikimedia.org/wikipedia/commons/e/e3/Bloem_van_Helenium_autumnale._12-09-2021._%28d.j.b%29.jpg?utm_source=commons.wikimedia.org&utm_campaign=imageinfo&utm_content=original,verified_from_wikimedia_manifest,
snowberry.jpg,Snowberry,CC BY-SA 3.0,https://creativecommons.org/licenses/by-sa/3.0,H. Zell,Own work,https://commons.wikimedia.org/wiki/File:Symphoricarpos_albus_003.JPG,https://upload.wikimedia.org/wikipedia/commons/6/65/Symphoricarpos_albus_003.JPG?utm_source=commons.wikimedia.org&utm_campaign=imageinfo&utm_content=original,verified_from_wikimedia_manifest,Resolved from the lead image of https://en.wikipedia.org/wiki/Symphoricarpos_albus
snowbrush.jpg,Snowbrush,Could not be independently verified,,Could not be independently verified,Original source and creator were not present in the available project records.,,,unverified_source_retained,Image retained at the owner's direction; replace or verify before public release if licensing cannot be established.
soapberry.jpg,Soapberry,Could not be independently verified,,Could not be independently verified,Original source and creator were not present in the available project records.,,,unverified_source_retained,Image retained at the owner's direction; replace or verify before public release if licensing cannot be established.
soaproot-bulb.jpg,Soaproot Bulb,Could not be independently verified,,Could not be independently verified,Original source and creator were not present in the available project records.,,,unverified_source_retained,Image retained at the owner's direction; replace or verify before public release if licensing cannot be established.
soaptree-yucca.jpg,Soaptree Yucca,Could not be independently verified,,Could not be independently verified,Original source and creator were not present in the available project records.,,,unverified_source_retained,Image retained at the owner's direction; replace or verify before public release if licensing cannot be established.
solomons-seal.jpg,Solomons Seal,Could not be independently verified,,Could not be independently verified,Original source and creator were not present in the available project records.,,,unverified_source_retained,Image retained at the owner's direction; replace or verify before public release if licensing cannot be established.
sorghum.jpg,Sorghum,CC BY-SA 3.0,http://creativecommons.org/licenses/by-sa/3.0/,No machine-readable author provided. Pethan assumed (based on copyright claims).,No machine-readable source provided. Own work assumed (based on copyright claims).,https://commons.wikimedia.org/wiki/File:Sorghum_bicolor03.jpg,https://upload.wikimedia.org/wikipedia/commons/8/84/Sorghum_bicolor03.jpg?utm_source=commons.wikimedia.org&utm_campaign=imageinfo&utm_content=original,verified_from_wikimedia_manifest,
sotol.jpg,Sotol,CC BY-SA 4.0,https://creativecommons.org/licenses/by-sa/4.0,Juan Carlos Fonseca Mata,Own work,https://commons.wikimedia.org/wiki/File:Sotol_(Dasylirion_parryanum)_ornamental.jpg,https://upload.wikimedia.org/wikipedia/commons/6/66/Sotol_%28Dasylirion_parryanum%29_ornamental.jpg?utm_source=commons.wikimedia.org&utm_campaign=imageinfo&utm_content=original,verified_from_wikimedia_manifest,Resolved from the lead image of https://en.wikipedia.org/wiki/Dasylirion
sourdough-starter.jpg,Sourdough Starter,Could not be independently verified,,Could not be independently verified,Original source and creator were not present in the available project records.,,,unverified_source_retained,Image retained at the owner's direction; replace or verify before public release if licensing cannot be established.
sourwood.jpg,Sourwood,Public domain,,,TVA photo . Transferred from en.wikipedia to Commons by Atmoz using CommonsHelper .,https://commons.wikimedia.org/wiki/File:Oxydendrum_arboreum.jpg,https://upload.wikimedia.org/wikipedia/commons/b/be/Oxydendrum_arboreum.jpg?utm_source=commons.wikimedia.org&utm_campaign=imageinfo&utm_content=original,verified_from_wikimedia_manifest,Resolved from the lead image of https://en.wikipedia.org/wiki/Oxydendrum
southern-crabapple.jpg,Southern crabapple,CC BY 4.0,https://creativecommons.org/licenses/by/4.0,Laura Gaudette,https://www.inaturalist.org/photos/120366313,https://commons.wikimedia.org/wiki/File:Malus_angustifolia_120366313.jpg,https://upload.wikimedia.org/wikipedia/commons/9/93/Malus_angustifolia_120366313.jpg?utm_source=commons.wikimedia.org&utm_campaign=imageinfo&utm_content=original,verified_from_wikimedia_manifest,
southern-red-oak.jpg,Southern red oak,Public domain,,,,https://commons.wikimedia.org/wiki/File:Quercus_falcata_leaf_bark.jpg,https://upload.wikimedia.org/wikipedia/commons/9/93/Quercus_falcata_leaf_bark.jpg?utm_source=commons.wikimedia.org&utm_campaign=imageinfo&utm_content=original,verified_from_wikimedia_manifest,Resolved from the lead image of https://en.wikipedia.org/wiki/Quercus_falcata
spanish-bayonet-illustration.jpg,Spanish Bayonet,Could not be independently verified,,Could not be independently verified,Original source and creator were not present in the available project records.,,,unverified_source_retained,Image retained at the owner's direction; replace or verify before public release if licensing cannot be established.
spanish-bayonet.jpg,Spanish Bayonet,Could not be independently verified,,Could not be independently verified,Original source and creator were not present in the available project records.,,,unverified_source_retained,Image retained at the owner's direction; replace or verify before public release if licensing cannot be established.
spanish-moss.jpg,Spanish moss,Public domain,,Gh5046 at English Wikipedia,Transferred from en.wikipedia to Commons.,https://commons.wikimedia.org/wiki/File:Spanish_moss_at_the_Mcbryde_Garden_in_hawaii.jpg,https://upload.wikimedia.org/wikipedia/commons/1/13/Spanish_moss_at_the_Mcbryde_Garden_in_hawaii.jpg?utm_source=commons.wikimedia.org&utm_campaign=imageinfo&utm_content=original,verified_from_wikimedia_manifest,Resolved from the lead image of https://en.wikipedia.org/wiki/Spanish_moss
spanish-needles.jpg,Spanish Needles,Could not be independently verified,,Could not be independently verified,Original source and creator were not present in the available project records.,,,unverified_source_retained,Image retained at the owner's direction; replace or verify before public release if licensing cannot be established.
spearmint.jpg,Spearmint,CC0,http://creativecommons.org/publicdomain/zero/1.0/deed.en,AnRo0002,Own work,https://commons.wikimedia.org/wiki/File:20140727Mentha_spicata6.jpg,https://upload.wikimedia.org/wikipedia/commons/7/74/20140727Mentha_spicata6.jpg?utm_source=commons.wikimedia.org&utm_campaign=imageinfo&utm_content=original,verified_from_wikimedia_manifest,
speckled-alder.jpg,Speckled alder,CC BY-SA 3.0,http://creativecommons.org/licenses/by-sa/3.0/,Quadell,inmygarden,https://commons.wikimedia.org/wiki/File:Alnus_incana_rugosa_leaves.jpg,https://upload.wikimedia.org/wikipedia/commons/f/fb/Alnus_incana_rugosa_leaves.jpg?utm_source=commons.wikimedia.org&utm_campaign=imageinfo&utm_content=original,verified_from_wikimedia_manifest,Resolved from the lead image of https://en.wikipedia.org/wiki/Alnus_incana
sphagnum-moss-dressing.jpg,Sphagnum Moss Dressing,Could not be independently verified,,Could not be independently verified,Original source and creator were not present in the available project records.,,,unverified_source_retained,Image retained at the owner's direction; replace or verify before public release if licensing cannot be established.
sphagnum-moss.jpg,Sphagnum moss,CC BY-SA 4.0,https://creativecommons.org/licenses/by-sa/4.0,Sukkoria,Own work,https://commons.wikimedia.org/wiki/File:WLE2019_-_Frasne-Bouverans_-_Sphagnum_(magellanicum%3F)_01.jpg,https://upload.wikimedia.org/wikipedia/commons/0/01/WLE2019_-_Frasne-Bouverans_-_Sphagnum_%28magellanicum%3F%29_01.jpg?utm_source=commons.wikimedia.org&utm_campaign=imageinfo&utm_content=original,verified_from_wikimedia_manifest,
spicebush-twig-tea.jpg,Spicebush Twig Tea,Could not be independently verified,,Could not be independently verified,Original source and creator were not present in the available project records.,,,unverified_source_retained,Image retained at the owner's direction; replace or verify before public release if licensing cannot be established.
spotted-water-hemlock.jpg,Spotted Water Hemlock,Could not be independently verified,,Could not be independently verified,Original source and creator were not present in the available project records.,,,unverified_source_retained,Image retained at the owner's direction; replace or verify before public release if licensing cannot be established.
spreading-dogbane.jpg,Spreading Dogbane,Could not be independently verified,,Could not be independently verified,Original source and creator were not present in the available project records.,,,unverified_source_retained,Image retained at the owner's direction; replace or verify before public release if licensing cannot be established.
spruce-needle-tea.jpg,Spruce Needle Tea,Could not be independently verified,,Could not be independently verified,Original source and creator were not present in the available project records.,,,unverified_source_retained,Image retained at the owner's direction; replace or verify before public release if licensing cannot be established.
spruce-pitch.jpg,Spruce Pitch,Could not be independently verified,,Could not be independently verified,Original source and creator were not present in the available project records.,,,unverified_source_retained,Image retained at the owner's direction; replace or verify before public release if licensing cannot be established.
st-brigid-s-cross.jpg,St Brigid'S Cross,Could not be independently verified,,Could not be independently verified,Original source and creator were not present in the available project records.,,,unverified_source_retained,Image retained at the owner's direction; replace or verify before public release if licensing cannot be established.
st-johns-wort.jpg,St. John's wort,CC BY-SA 4.0,https://creativecommons.org/licenses/by-sa/4.0,Krzysztof Golik,Own work,https://commons.wikimedia.org/wiki/File:Hypericum_perforatum_in_Haute-Savoie_(1).jpg,https://upload.wikimedia.org/wikipedia/commons/2/23/Hypericum_perforatum_in_Haute-Savoie_%281%29.jpg?utm_source=commons.wikimedia.org&utm_campaign=imageinfo&utm_content=original,verified_from_wikimedia_manifest,
starflower.jpg,Starflower,CC BY-SA 2.0,https://creativecommons.org/licenses/by-sa/2.0,"Joshua Mayer from Madison, WI, USA",American Starflower (Lysimachia borealis),https://commons.wikimedia.org/wiki/File:American_Starflower_(Lysimachia_borealis)_-_Flickr_-_wackybadger_(4).jpg,https://upload.wikimedia.org/wikipedia/commons/c/ce/American_Starflower_%28Lysimachia_borealis%29_-_Flickr_-_wackybadger_%284%29.jpg?utm_source=commons.wikimedia.org&utm_campaign=imageinfo&utm_content=original,verified_from_wikimedia_manifest,
steeplebush.jpg,Steeplebush,Could not be independently verified,,Could not be independently verified,Original source and creator were not present in the available project records.,,,unverified_source_retained,Image retained at the owner's direction; replace or verify before public release if licensing cannot be established.
stinging-nettle-basswood-hair-rinse.jpg,Stinging Nettle Basswood Hair Rinse,Could not be independently verified,,Could not be independently verified,Original source and creator were not present in the available project records.,,,unverified_source_retained,Image retained at the owner's direction; replace or verify before public release if licensing cannot be established.
stone-mint-american-dittany-tea.jpg,Stone Mint American Dittany Tea,Could not be independently verified,,Could not be independently verified,Original source and creator were not present in the available project records.,,,unverified_source_retained,Image retained at the owner's direction; replace or verify before public release if licensing cannot be established.
substitute-herbs-after-exclusion.jpg,Substitute Herbs After Exclusion,CC BY-SA 4.0,https://creativecommons.org/licenses/by-sa/4.0,Cerevisae,Own work,https://commons.wikimedia.org/wiki/File:Chinese_herbal_medicine_plants_garden_of_Tzu_Chi_University.JPG,https://upload.wikimedia.org/wikipedia/commons/c/c4/Chinese_herbal_medicine_plants_garden_of_Tzu_Chi_University.JPG?utm_source=commons.wikimedia.org&utm_campaign=imageinfo&utm_content=original,verified_from_wikimedia_manifest,Modern Chinese medicinal-plant garden at Tzu Chi University in Taiwan; it is contextual and not a California exclusion-era garden.
sugar-kelp.jpg,Sugar kelp,CC BY-SA 3.0,https://creativecommons.org/licenses/by-sa/3.0,Cwmhiraeth,Own work,https://commons.wikimedia.org/wiki/File:Saccharina_latissima_2.jpg,https://upload.wikimedia.org/wikipedia/commons/1/1d/Saccharina_latissima_2.jpg?utm_source=commons.wikimedia.org&utm_campaign=imageinfo&utm_content=original,verified_from_wikimedia_manifest,Resolved from the lead image of https://en.wikipedia.org/wiki/Saccharina_latissima
sugar-maple.jpg,Sugar maple,CC BY 2.0,https://creativecommons.org/licenses/by/2.0,Superior National Forest,Acer saccharum 1-jgreenlee,https://commons.wikimedia.org/wiki/File:Acer_saccharum_1-jgreenlee_(5098070608).jpg,https://upload.wikimedia.org/wikipedia/commons/a/a1/Acer_saccharum_1-jgreenlee_%285098070608%29.jpg?utm_source=commons.wikimedia.org&utm_campaign=imageinfo&utm_content=original,verified_from_wikimedia_manifest,Resolved from the lead image of https://en.wikipedia.org/wiki/Acer_saccharum
sugarberry.jpg,Sugarberry,Could not be independently verified,,Could not be independently verified,Original source and creator were not present in the available project records.,,,unverified_source_retained,Image retained at the owner's direction; replace or verify before public release if licensing cannot be established.
sulfur-in-the-shoes.jpg,Sulfur In The Shoes,Could not be independently verified,,Could not be independently verified,Original source and creator were not present in the available project records.,,,unverified_source_retained,Image retained at the owner's direction; replace or verify before public release if licensing cannot be established.
sumac-berry-syrup.jpg,Sumac Berry Syrup,Could not be independently verified,,Could not be independently verified,Original source and creator were not present in the available project records.,,,unverified_source_retained,Image retained at the owner's direction; replace or verify before public release if licensing cannot be established.
summer-savory.jpg,Summer savory,CC BY-SA 3.0,http://creativecommons.org/licenses/by-sa/3.0/,No machine-readable author provided. Bogdan assumed (based on copyright claims).,No machine-readable source provided. Own work assumed (based on copyright claims).,https://commons.wikimedia.org/wiki/File:Satureja_hortensis_bgiu.jpg,https://upload.wikimedia.org/wikipedia/commons/5/5f/Satureja_hortensis_bgiu.jpg?utm_source=commons.wikimedia.org&utm_campaign=imageinfo&utm_content=original,verified_from_wikimedia_manifest,
sunflower.jpg,Sunflower,Public domain,,Jebulon,Own work,https://commons.wikimedia.org/wiki/File:Helianthus_annuusPFP.jpg,https://upload.wikimedia.org/wikipedia/commons/2/24/Helianthus_annuusPFP.jpg?utm_source=commons.wikimedia.org&utm_campaign=imageinfo&utm_content=original,verified_from_wikimedia_manifest,Recovered through targeted Commons search after lead-image pass.
surfgrass.jpg,Surfgrass,CC BY 3.0,https://creativecommons.org/licenses/by/3.0,Peter D. Tillman,Own work,"https://commons.wikimedia.org/wiki/File:Surfgrass_at_Hearst_Beach,_San_Simeon_CA.jpg",https://upload.wikimedia.org/wikipedia/commons/f/f1/Surfgrass_at_Hearst_Beach%2C_San_Simeon_CA.jpg?utm_source=commons.wikimedia.org&utm_campaign=imageinfo&utm_content=original,verified_from_wikimedia_manifest,Exact real-photo replacement selected after contact-sheet review.
svarteboker-black-book-charms.jpg,Svartebøker (Black-Book Charms),Public domain,,Strandbergs forlag (publisher),Title page of a 1916 book; orignal scan found at http://www.dagligliv.dk/wm142318,https://commons.wikimedia.org/wiki/File:Cyprianus.jpg,https://upload.wikimedia.org/wikipedia/commons/7/7b/Cyprianus.jpg?utm_source=commons.wikimedia.org&utm_campaign=imageinfo&utm_content=original,verified_from_wikimedia_manifest,Cover of a Danish Cyprianus text from 1916; it is contextual and not a Norwegian-American healer's manuscript.
sweet-birch-tea.jpg,Sweet Birch Tea,Could not be independently verified,,Could not be independently verified,Original source and creator were not present in the available project records.,,,unverified_source_retained,Image retained at the owner's direction; replace or verify before public release if licensing cannot be established.
sweet-chestnut.jpg,Sweet chestnut,CC BY 2.0,https://creativecommons.org/licenses/by/2.0,Miguel Angel Masegosa Martínez,Castaño centenario (Castanea sativa),https://commons.wikimedia.org/wiki/File:Casta%C3%B1o_centenario_(Castanea_sativa)_(45032673662).jpg,https://upload.wikimedia.org/wikipedia/commons/0/0b/Casta%C3%B1o_centenario_%28Castanea_sativa%29_%2845032673662%29.jpg?utm_source=commons.wikimedia.org&utm_campaign=imageinfo&utm_content=original,verified_from_wikimedia_manifest,Recovered through targeted Commons search after lead-image pass.
sweet-cicely.jpg,Sweet cicely,Public domain,,,,https://commons.wikimedia.org/wiki/File:Osmoriza_claytonii.jpg,https://upload.wikimedia.org/wikipedia/commons/6/62/Osmoriza_claytonii.jpg?utm_source=commons.wikimedia.org&utm_campaign=imageinfo&utm_content=original,verified_from_wikimedia_manifest,Resolved from the lead image of https://en.wikipedia.org/wiki/Osmorhiza
sweet-fern-leaf-wash.jpg,Sweet Fern Leaf Wash,Could not be independently verified,,Could not be independently verified,Original source and creator were not present in the available project records.,,,unverified_source_retained,Image retained at the owner's direction; replace or verify before public release if licensing cannot be established.
sweetflag.jpg,Sweetflag,Public domain,,"Jack Greenlee, U.S. Forest Service","U.S. Forest Service, Plant of the Week, Sweet Flag (Acorus americanus (Raf.) Raf.)",https://commons.wikimedia.org/wiki/File:Acorus_americanus_USFS-1.jpg,https://upload.wikimedia.org/wikipedia/commons/d/da/Acorus_americanus_USFS-1.jpg?utm_source=commons.wikimedia.org&utm_campaign=imageinfo&utm_content=original,verified_from_wikimedia_manifest,Resolved from the lead image of https://en.wikipedia.org/wiki/Acorus_americanus
sweetgrass.jpg,Sweetgrass,Could not be independently verified,,Could not be independently verified,Original source and creator were not present in the available project records.,,,unverified_source_retained,Image retained at the owner's direction; replace or verify before public release if licensing cannot be established.
sweetgum-twig-yellowroot-mouth-care.jpg,Sweetgum Twig Yellowroot Mouth Care,Could not be independently verified,,Could not be independently verified,Original source and creator were not present in the available project records.,,,unverified_source_retained,Image retained at the owner's direction; replace or verify before public release if licensing cannot be established.
sweetgum.jpg,Sweetgum,CC BY-SA 4.0,https://creativecommons.org/licenses/by-sa/4.0,Famartin,Own work,"https://commons.wikimedia.org/wiki/File:2014-11-02_13_06_29_Sweet_Gum_during_autumn_along_Lower_Ferry_Road_in_Ewing,_New_Jersey.JPG",https://upload.wikimedia.org/wikipedia/commons/6/6a/2014-11-02_13_06_29_Sweet_Gum_during_autumn_along_Lower_Ferry_Road_in_Ewing%2C_New_Jersey.JPG?utm_source=commons.wikimedia.org&utm_campaign=imageinfo&utm_content=original,verified_from_wikimedia_manifest,Resolved from the lead image of https://en.wikipedia.org/wiki/Liquidambar_styraciflua
tall-buttercup.jpg,Tall buttercup,CC BY-SA 2.5,https://creativecommons.org/licenses/by-sa/2.5,"Richard Bartz, Munich Makro Freak",Own work,https://commons.wikimedia.org/wiki/File:Thricops_semicinereus_on_Ranunculus_acris_diagonal.jpg,https://upload.wikimedia.org/wikipedia/commons/8/81/Thricops_semicinereus_on_Ranunculus_acris_diagonal.jpg?utm_source=commons.wikimedia.org&utm_campaign=imageinfo&utm_content=original,verified_from_wikimedia_manifest,Recovered through targeted Commons search after lead-image pass.
tamarack-bark-tea.jpg,Tamarack Bark Tea,Could not be independently verified,,Could not be independently verified,Original source and creator were not present in the available project records.,,,unverified_source_retained,Image retained at the owner's direction; replace or verify before public release if licensing cannot be established.
tamarack-leaf-inhalant-fumigator.jpg,Tamarack Leaf Inhalant Fumigator,Could not be independently verified,,Could not be independently verified,Original source and creator were not present in the available project records.,,,unverified_source_retained,Image retained at the owner's direction; replace or verify before public release if licensing cannot be established.
tansy.jpg,Tansy,Could not be independently verified,,Could not be independently verified,Original source and creator were not present in the available project records.,,,unverified_source_retained,Image retained at the owner's direction; replace or verify before public release if licensing cannot be established.
tea-plant.jpg,Tea plant,Public domain,,AxelBoldt at en.wikipedia,Transferred from en.wikipedia,https://commons.wikimedia.org/wiki/File:Csinensis.jpg,https://upload.wikimedia.org/wikipedia/commons/7/71/Csinensis.jpg?utm_source=commons.wikimedia.org&utm_campaign=imageinfo&utm_content=original,verified_from_wikimedia_manifest,Resolved from the lead image of https://en.wikipedia.org/wiki/Camellia_sinensis
tea-with-jam.jpg,Tea with Jam,Public domain,,Boris Kustodiev,[1],https://commons.wikimedia.org/wiki/File:Kustodiev_Merchants_Wife.jpg,https://upload.wikimedia.org/wikipedia/commons/0/07/Kustodiev_Merchants_Wife.jpg?utm_source=commons.wikimedia.org&utm_campaign=imageinfo&utm_content=original,verified_from_wikimedia_manifest,Historical Russian tea-culture artwork; it is contextual and not specific to an Ashkenazi immigrant household.
the-kam-wah-chung-apothecary-shelves.jpg,The Kam Wah Chung Apothecary Shelves,Could not be independently verified,,Could not be independently verified,Original source and creator were not present in the available project records.,,,unverified_source_retained,Image retained at the owner's direction; replace or verify before public release if licensing cannot be established.
the-sauna-as-birthing-room.jpg,The Sauna As Birthing Room,Could not be independently verified,,Could not be independently verified,Original source and creator were not present in the available project records.,,,unverified_source_retained,Image retained at the owner's direction; replace or verify before public release if licensing cannot be established.
the-sick-call-set.jpg,The Sick Call Set,Could not be independently verified,,Could not be independently verified,Original source and creator were not present in the available project records.,,,unverified_source_retained,Image retained at the owner's direction; replace or verify before public release if licensing cannot be established.
thimbleberry.jpg,Thimbleberry,CC BY-SA 3.0,https://creativecommons.org/licenses/by-sa/3.0,Walter Siegmund (talk),Own work,https://commons.wikimedia.org/wiki/File:Rubus_parviflorus_9481.JPG,https://upload.wikimedia.org/wikipedia/commons/7/7c/Rubus_parviflorus_9481.JPG?utm_source=commons.wikimedia.org&utm_campaign=imageinfo&utm_content=original,verified_from_wikimedia_manifest,Resolved from the lead image of https://en.wikipedia.org/wiki/Rubus_parviflorus
thread-biting-while-mending.jpg,Thread-Biting While Mending,Public domain,,Pierre Édouard Frère,Art UK,https://commons.wikimedia.org/wiki/File:Pierre_Edouard_Fr%C3%A8re_(1819-1886)_-_Sewing_on_a_Button_-_VIS.1393_-_Sheffield_Galleries_and_Museums_Trust.jpg,https://upload.wikimedia.org/wikipedia/commons/e/ec/Pierre_Edouard_Fr%C3%A8re_%281819-1886%29_-_Sewing_on_a_Button_-_VIS.1393_-_Sheffield_Galleries_and_Museums_Trust.jpg?utm_source=commons.wikimedia.org&utm_campaign=imageinfo&utm_content=original,verified_from_wikimedia_manifest,Nineteenth-century European artwork of sewing on a button; it is not Ashkenazi-specific and does not depict thread biting.
threadleaf-groundsel.jpg,Threadleaf Groundsel,Could not be independently verified,,Could not be independently verified,Original source and creator were not present in the available project records.,,,unverified_source_retained,Image retained at the owner's direction; replace or verify before public release if licensing cannot be established.
thyme.jpg,Thyme,CC BY-SA 3.0,http://creativecommons.org/licenses/by-sa/3.0/,Henry Brisse (upload by user:Abalg ),from the aforementioned site,https://commons.wikimedia.org/wiki/File:Thymus_vulgaris1.JPG,https://upload.wikimedia.org/wikipedia/commons/4/4f/Thymus_vulgaris1.JPG?utm_source=commons.wikimedia.org&utm_campaign=imageinfo&utm_content=original,verified_from_wikimedia_manifest,Resolved from the lead image of https://en.wikipedia.org/wiki/Thymus_vulgaris
tick-trefoil.jpg,Tick trefoil,Public domain,,"Jennifer Anderson. United States, IA, Scott Co., Davenport, Nahant Marsh. 2002.",Jennifer Anderson @ USDA-NRCS PLANTS Database,https://commons.wikimedia.org/wiki/File:Desmodium_canadense_NRCS-1.jpg,https://upload.wikimedia.org/wikipedia/commons/9/9a/Desmodium_canadense_NRCS-1.jpg?utm_source=commons.wikimedia.org&utm_campaign=imageinfo&utm_content=original,verified_from_wikimedia_manifest,Resolved from the lead image of https://en.wikipedia.org/wiki/Desmodium_canadense
tinder-fungus-hoof-fungus.jpg,Tinder Fungus Hoof Fungus,Could not be independently verified,,Could not be independently verified,Original source and creator were not present in the available project records.,,,unverified_source_retained,Image retained at the owner's direction; replace or verify before public release if licensing cannot be established.
tomatillo.jpg,Tomatillo,Public domain,,,,https://commons.wikimedia.org/wiki/File:Tomatillo.jpg,https://upload.wikimedia.org/wikipedia/commons/9/9f/Tomatillo.jpg?utm_source=commons.wikimedia.org&utm_campaign=imageinfo&utm_content=original,verified_from_wikimedia_manifest,Resolved from the lead image of https://en.wikipedia.org/wiki/Tomatillo
tomato.jpg,Tomato,CC BY-SA 3.0,http://creativecommons.org/licenses/by-sa/3.0/,Softeis,Own work,https://commons.wikimedia.org/wiki/File:Tomato_je.jpg,https://upload.wikimedia.org/wikipedia/commons/8/89/Tomato_je.jpg?utm_source=commons.wikimedia.org&utm_campaign=imageinfo&utm_content=original,verified_from_wikimedia_manifest,Resolved from the lead image of https://en.wikipedia.org/wiki/Tomato
toyon-berries.jpg,Toyon Berries,Could not be independently verified,,Could not be independently verified,Original source and creator were not present in the available project records.,,,unverified_source_retained,Image retained at the owner's direction; replace or verify before public release if licensing cannot be established.
tulip-tree-tulip-poplar-bark.jpg,Tulip Tree Tulip Poplar Bark,Could not be independently verified,,Could not be independently verified,Original source and creator were not present in the available project records.,,,unverified_source_retained,Image retained at the owner's direction; replace or verify before public release if licensing cannot be established.
turnip.jpg,Turnip,CC BY-SA 3.0,http://creativecommons.org/licenses/by-sa/3.0/,TeunSpaans,Own work,https://commons.wikimedia.org/wiki/File:Brassica_rapa_plant.jpg,https://upload.wikimedia.org/wikipedia/commons/d/d9/Brassica_rapa_plant.jpg?utm_source=commons.wikimedia.org&utm_campaign=imageinfo&utm_content=original,verified_from_wikimedia_manifest,Resolved from the lead image of https://en.wikipedia.org/wiki/Brassica_rapa
turpentine-rub.jpg,Turpentine Rub,Could not be independently verified,,Could not be independently verified,Original source and creator were not present in the available project records.,,,unverified_source_retained,Image retained at the owner's direction; replace or verify before public release if licensing cannot be established.
twinleaf.jpg,Twinleaf,CC BY-SA 4.0,https://creativecommons.org/licenses/by-sa/4.0,"Krzysztof Ziarnek, Kenraiz",Own work,https://commons.wikimedia.org/wiki/File:Jeffersonia_diphylla_kz03.jpg,https://upload.wikimedia.org/wikipedia/commons/1/11/Jeffersonia_diphylla_kz03.jpg?utm_source=commons.wikimedia.org&utm_campaign=imageinfo&utm_content=original,verified_from_wikimedia_manifest,Resolved from the lead image of https://en.wikipedia.org/wiki/Jeffersonia
usnea-beard-lichen.jpg,Usnea Beard Lichen,Could not be independently verified,,Could not be independently verified,Original source and creator were not present in the available project records.,,,unverified_source_retained,Image retained at the owner's direction; replace or verify before public release if licensing cannot be established.
utah-juniper.jpg,Utah Juniper,Could not be independently verified,,Could not be independently verified,Original source and creator were not present in the available project records.,,,unverified_source_retained,Image retained at the owner's direction; replace or verify before public release if licensing cannot be established.
uva-ursi-bearberry-leaf-tea.jpg,Uva Ursi Bearberry Leaf Tea,Could not be independently verified,,Could not be independently verified,Original source and creator were not present in the available project records.,,,unverified_source_retained,Image retained at the owner's direction; replace or verify before public release if licensing cannot be established.
valerian-root.jpg,Valerian Root,Could not be independently verified,,Could not be independently verified,Original source and creator were not present in the available project records.,,,unverified_source_retained,Image retained at the owner's direction; replace or verify before public release if licensing cannot be established.
vanilla.jpg,Vanilla,CC BY-SA 2.5,https://creativecommons.org/licenses/by-sa/2.5,User:Mmparedes,Own work,https://commons.wikimedia.org/wiki/File:Vanilla_planifolia3.jpg,https://upload.wikimedia.org/wikipedia/commons/d/d9/Vanilla_planifolia3.jpg?utm_source=commons.wikimedia.org&utm_campaign=imageinfo&utm_content=original,verified_from_wikimedia_manifest,Replaced after contact-sheet review rejected a non-field image.
varnish-conk.jpg,Varnish conk,CC BY-SA 3.0,https://creativecommons.org/licenses/by-sa/3.0,"This image was created by user Terri Clements/Donna Fulton (pinonbistro) at Mushroom Observer , a source for mycological images. You can contact this user here .","This image is Image Number 472677 at Mushroom Observer , a source for mycological images.",https://commons.wikimedia.org/wiki/File:2014-10-20_Ganoderma_curtisii_(Berk.)_Murrill_472677.jpg,https://upload.wikimedia.org/wikipedia/commons/0/0e/2014-10-20_Ganoderma_curtisii_%28Berk.%29_Murrill_472677.jpg?utm_source=commons.wikimedia.org&utm_campaign=imageinfo&utm_content=original,verified_from_wikimedia_manifest,
virginia-creeper-root.jpg,Virginia Creeper Root,Could not be independently verified,,Could not be independently verified,Original source and creator were not present in the available project records.,,,unverified_source_retained,Image retained at the owner's direction; replace or verify before public release if licensing cannot be established.
virginia-iris-root.jpg,Virginia Iris Root,Could not be independently verified,,Could not be independently verified,Original source and creator were not present in the available project records.,,,unverified_source_retained,Image retained at the owner's direction; replace or verify before public release if licensing cannot be established.
virginia-snakeroot.jpg,Virginia Snakeroot,Could not be independently verified,,Could not be independently verified,Original source and creator were not present in the available project records.,,,unverified_source_retained,Image retained at the owner's direction; replace or verify before public release if licensing cannot be established.
virgins-bower.jpg,Virgin's bower,CC BY-SA 3.0,http://creativecommons.org/licenses/by-sa/3.0/,User:SB_Johnny,Own work,https://commons.wikimedia.org/wiki/File:Clematis_virginiana_001.JPG,https://upload.wikimedia.org/wikipedia/commons/5/57/Clematis_virginiana_001.JPG?utm_source=commons.wikimedia.org&utm_campaign=imageinfo&utm_content=original,verified_from_wikimedia_manifest,Resolved from the lead image of https://en.wikipedia.org/wiki/Clematis_virginiana
vodka-bottle-fever-remedy.jpg,Vodka Bottle Fever Remedy,Could not be independently verified,,Could not be independently verified,Original source and creator were not present in the available project records.,,,unverified_source_retained,Image retained at the owner's direction; replace or verify before public release if licensing cannot be established.
wapato.jpg,Wapato,CC BY-SA 3.0,http://creativecommons.org/licenses/by-sa/3.0/,,,https://commons.wikimedia.org/wiki/File:Sagittaria_latifolia_(flowers).jpg,https://upload.wikimedia.org/wikipedia/commons/c/c3/Sagittaria_latifolia_%28flowers%29.jpg?utm_source=commons.wikimedia.org&utm_campaign=imageinfo&utm_content=original,verified_from_wikimedia_manifest,Resolved from the lead image of https://en.wikipedia.org/wiki/Sagittaria_latifolia
wart-poultice.jpg,Wart Poultice,Public domain,,Ministry of Information Photo Division Photographer,http://media.iwm.org.uk/iwm/mediaLib//42/media-42330/large.jpg This photograph D 8770 comes from the collections of the Imperial War Museums .,"https://commons.wikimedia.org/wiki/File:Schoolgirl_Into_Nurse-_Medical_Training_in_Britain,_1942_D8770.jpg",https://upload.wikimedia.org/wikipedia/commons/a/ab/Schoolgirl_Into_Nurse-_Medical_Training_in_Britain%2C_1942_D8770.jpg?utm_source=commons.wikimedia.org&utm_campaign=imageinfo&utm_content=original,verified_from_wikimedia_manifest,Historical British nursing-class photograph demonstrating how to make a poultice; it is not community-specific and does not depict either entry's named ingredients.
watercress.jpg,Watercress,CC BY 3.0,https://creativecommons.org/licenses/by/3.0,Masparasol,Own work,https://commons.wikimedia.org/wiki/File:Watercress_(2).JPG,https://upload.wikimedia.org/wikipedia/commons/d/dd/Watercress_%282%29.JPG?utm_source=commons.wikimedia.org&utm_campaign=imageinfo&utm_content=original,verified_from_wikimedia_manifest,Resolved from the lead image of https://en.wikipedia.org/wiki/Watercress
watermelon.jpg,Watermelon,CC BY-SA 3.0,https://creativecommons.org/licenses/by-sa/3.0,Fred Hsu ( Wikipedia:User:Fred Hsu on en.wikipedia ),Own work,https://commons.wikimedia.org/wiki/File:Taiwan_2009_Tainan_City_Organic_Farm_Watermelon_FRD_7962.jpg,https://upload.wikimedia.org/wikipedia/commons/4/47/Taiwan_2009_Tainan_City_Organic_Farm_Watermelon_FRD_7962.jpg?utm_source=commons.wikimedia.org&utm_campaign=imageinfo&utm_content=original,verified_from_wikimedia_manifest,Resolved from the lead image of https://en.wikipedia.org/wiki/Watermelon
wax-myrtle-illustration.jpg,Wax Myrtle,Could not be independently verified,,Could not be independently verified,Original source and creator were not present in the available project records.,,,unverified_source_retained,Image retained at the owner's direction; replace or verify before public release if licensing cannot be established.
western-coltsfoot-leaf.jpg,Western Coltsfoot Leaf,Could not be independently verified,,Could not be independently verified,Original source and creator were not present in the available project records.,,,unverified_source_retained,Image retained at the owner's direction; replace or verify before public release if licensing cannot be established.
western-larch.jpg,Western larch,CC BY 2.5,https://creativecommons.org/licenses/by/2.5,Walter Siegmund (talk),Own work,https://commons.wikimedia.org/wiki/File:Larix_occidentalis_16822.JPG,https://upload.wikimedia.org/wikipedia/commons/f/fc/Larix_occidentalis_16822.JPG?utm_source=commons.wikimedia.org&utm_campaign=imageinfo&utm_content=original,verified_from_wikimedia_manifest,Resolved from the lead image of https://en.wikipedia.org/wiki/Western_larch
western-red-cedar.jpg,Western Red Cedar,Could not be independently verified,,Could not be independently verified,Original source and creator were not present in the available project records.,,,unverified_source_retained,Image retained at the owner's direction; replace or verify before public release if licensing cannot be established.
western-swordfern.jpg,Western swordfern,CC BY-SA 2.0,https://creativecommons.org/licenses/by-sa/2.0,Jami Dwyer,https://www.flickr.com/photos/jamidwyer/173970015/in/set-72157594359410541/,https://commons.wikimedia.org/wiki/File:Polystichum_munitum_(Jami_Dwyer)_001.jpg,https://upload.wikimedia.org/wikipedia/commons/8/8d/Polystichum_munitum_%28Jami_Dwyer%29_001.jpg?utm_source=commons.wikimedia.org&utm_campaign=imageinfo&utm_content=original,verified_from_wikimedia_manifest,Resolved from the lead image of https://en.wikipedia.org/wiki/Polystichum_munitum
whey.jpg,Whey,CC BY-SA 3.0,https://creativecommons.org/licenses/by-sa/3.0,AVRS,Self-photographed,https://commons.wikimedia.org/wiki/File:Soured_milk_whey.avrs-56.jpg,https://upload.wikimedia.org/wikipedia/commons/d/d3/Soured_milk_whey.avrs-56.jpg?utm_source=commons.wikimedia.org&utm_campaign=imageinfo&utm_content=original,verified_from_wikimedia_manifest,
whipple-cholla.jpg,Whipple cholla,CC BY 4.0,https://creativecommons.org/licenses/by/4.0,John Brew,https://www.inaturalist.org/photos/322427800,https://commons.wikimedia.org/wiki/File:Cylindropuntia_whipplei_13.jpeg,https://upload.wikimedia.org/wikipedia/commons/5/56/Cylindropuntia_whipplei_13.jpeg?utm_source=commons.wikimedia.org&utm_campaign=imageinfo&utm_content=original,verified_from_wikimedia_manifest,Resolved from the lead image of https://en.wikipedia.org/wiki/Cylindropuntia_whipplei
white-ash.jpg,White ash,CC BY 2.5,https://creativecommons.org/licenses/by/2.5,Willow,Own work,https://commons.wikimedia.org/wiki/File:Fraxinus_americana_002.jpg,https://upload.wikimedia.org/wikipedia/commons/d/d9/Fraxinus_americana_002.jpg?utm_source=commons.wikimedia.org&utm_campaign=imageinfo&utm_content=original,verified_from_wikimedia_manifest,Resolved from the lead image of https://en.wikipedia.org/wiki/Fraxinus_americana
white-baneberry.jpg,White baneberry,CC BY-SA 3.0,https://creativecommons.org/licenses/by-sa/3.0,D. Gordon E. Robertson,Own work,https://commons.wikimedia.org/wiki/File:White_Baneberry_(Actaea_pachypoda).jpg,https://upload.wikimedia.org/wikipedia/commons/f/ff/White_Baneberry_%28Actaea_pachypoda%29.jpg?utm_source=commons.wikimedia.org&utm_campaign=imageinfo&utm_content=original,verified_from_wikimedia_manifest,
white-oak-bark-walnut-hull-footbath.jpg,White Oak Bark Walnut Hull Footbath,Could not be independently verified,,Could not be independently verified,Original source and creator were not present in the available project records.,,,unverified_source_retained,Image retained at the owner's direction; replace or verify before public release if licensing cannot be established.
white-pine-needle-tea.jpg,White Pine Needle Tea,Could not be independently verified,,Could not be independently verified,Original source and creator were not present in the available project records.,,,unverified_source_retained,Image retained at the owner's direction; replace or verify before public release if licensing cannot be established.
white-sage-prairie-sage.jpg,White Sage Prairie Sage,Could not be independently verified,,Could not be independently verified,Original source and creator were not present in the available project records.,,,unverified_source_retained,Image retained at the owner's direction; replace or verify before public release if licensing cannot be established.
white-spruce.jpg,White spruce,CC BY-SA 2.0,https://creativecommons.org/licenses/by-sa/2.0,dmcdevit,Trees,https://commons.wikimedia.org/wiki/File:Picea_glauca_Fairbanks.jpg,https://upload.wikimedia.org/wikipedia/commons/8/86/Picea_glauca_Fairbanks.jpg?utm_source=commons.wikimedia.org&utm_campaign=imageinfo&utm_content=original,verified_from_wikimedia_manifest,Resolved from the lead image of https://en.wikipedia.org/wiki/Picea_glauca
whiteflower-leafcup.jpg,Whiteflower Leafcup,Could not be independently verified,,Could not be independently verified,Original source and creator were not present in the available project records.,,,unverified_source_retained,Image retained at the owner's direction; replace or verify before public release if licensing cannot be established.
wild-bergamot-tea.jpg,Wild Bergamot Tea,Could not be independently verified,,Could not be independently verified,Original source and creator were not present in the available project records.,,,unverified_source_retained,Image retained at the owner's direction; replace or verify before public release if licensing cannot be established.
wild-chamomile-macela.jpg,Wild chamomile / macela,CC BY-SA 4.0,https://creativecommons.org/licenses/by-sa/4.0,Krzysztof Golik,Own work,https://commons.wikimedia.org/wiki/File:Achillea_ageratum_in_Jardin_botanique_de_la_Charme_02.jpg,https://upload.wikimedia.org/wikipedia/commons/1/1a/Achillea_ageratum_in_Jardin_botanique_de_la_Charme_02.jpg?utm_source=commons.wikimedia.org&utm_campaign=imageinfo&utm_content=original,verified_from_wikimedia_manifest,Exact real-photo replacement selected after contact-sheet review.
wild-cherry-bark-syrup.jpg,Wild Cherry Bark Syrup,Could not be independently verified,,Could not be independently verified,Original source and creator were not present in the available project records.,,,unverified_source_retained,Image retained at the owner's direction; replace or verify before public release if licensing cannot be established.
wild-coffee-berries-south-florida.jpg,Wild Coffee Berries (South Florida),CC BY 2.0,https://creativecommons.org/licenses/by/2.0,James St. John,Psychotria nervosa (wild coffee) 2,https://commons.wikimedia.org/wiki/File:Psychotria_nervosa_(wild_coffee)_2_(49747357008).jpg,https://upload.wikimedia.org/wikipedia/commons/b/b6/Psychotria_nervosa_%28wild_coffee%29_2_%2849747357008%29.jpg?utm_source=commons.wikimedia.org&utm_campaign=imageinfo&utm_content=original,verified_from_wikimedia_manifest,Exact species: Psychotria nervosa.
wild-columbine.jpg,Wild columbine,CC BY-SA 3.0,http://creativecommons.org/licenses/by-sa/3.0/,Ragesoss,Own work,https://commons.wikimedia.org/wiki/File:Wild_Columbine.jpg,https://upload.wikimedia.org/wikipedia/commons/9/93/Wild_Columbine.jpg?utm_source=commons.wikimedia.org&utm_campaign=imageinfo&utm_content=original,verified_from_wikimedia_manifest,Resolved from the lead image of https://en.wikipedia.org/wiki/Aquilegia_canadensis
wild-four-o-clock.jpg,Wild Four O Clock,Could not be independently verified,,Could not be independently verified,Original source and creator were not present in the available project records.,,,unverified_source_retained,Image retained at the owner's direction; replace or verify before public release if licensing cannot be established.
wild-ginger-root-tea.jpg,Wild Ginger Root Tea,Could not be independently verified,,Could not be independently verified,Original source and creator were not present in the available project records.,,,unverified_source_retained,Image retained at the owner's direction; replace or verify before public release if licensing cannot be established.
wild-hydrangea-root.jpg,Wild Hydrangea Root,Could not be independently verified,,Could not be independently verified,Original source and creator were not present in the available project records.,,,unverified_source_retained,Image retained at the owner's direction; replace or verify before public release if licensing cannot be established.
wild-indigo-root.jpg,Wild Indigo Root,Could not be independently verified,,Could not be independently verified,Original source and creator were not present in the available project records.,,,unverified_source_retained,Image retained at the owner's direction; replace or verify before public release if licensing cannot be established.
wild-lettuce-passionflower-tea.jpg,Wild Lettuce Passionflower Tea,Could not be independently verified,,Could not be independently verified,Original source and creator were not present in the available project records.,,,unverified_source_retained,Image retained at the owner's direction; replace or verify before public release if licensing cannot be established.
wild-licorice-root.jpg,Wild Licorice Root,Could not be independently verified,,Could not be independently verified,Original source and creator were not present in the available project records.,,,unverified_source_retained,Image retained at the owner's direction; replace or verify before public release if licensing cannot be established.
wild-mint-tea.jpg,Wild Mint Tea,Could not be independently verified,,Could not be independently verified,Original source and creator were not present in the available project records.,,,unverified_source_retained,Image retained at the owner's direction; replace or verify before public release if licensing cannot be established.
wild-onion-scalp-wash.jpg,Wild Onion Scalp Wash,Could not be independently verified,,Could not be independently verified,Original source and creator were not present in the available project records.,,,unverified_source_retained,Image retained at the owner's direction; replace or verify before public release if licensing cannot be established.
wild-petunia.jpg,Wild petunia,CC BY-SA 2.0,https://creativecommons.org/licenses/by-sa/2.0,peganum,https://www.flickr.com/photos/peganum/7850716610/,https://commons.wikimedia.org/wiki/File:Ruellia_humilis.jpg,https://upload.wikimedia.org/wikipedia/commons/d/de/Ruellia_humilis.jpg?utm_source=commons.wikimedia.org&utm_campaign=imageinfo&utm_content=original,verified_from_wikimedia_manifest,
wild-plum-bark-dye-fixative.jpg,Wild Plum Bark Dye Fixative,Public domain,,Harriet L. Keeler,"Keeler, Harriet L. (1900). Our Native Trees and How to Identify Them. New York: Charles Scriber's Sons.",https://commons.wikimedia.org/wiki/File:Canada_Plum_fruiting_spray_0_-_Keeler.png,https://upload.wikimedia.org/wikipedia/commons/8/8e/Canada_Plum_fruiting_spray_0_-_Keeler.png?utm_source=commons.wikimedia.org&utm_campaign=imageinfo&utm_content=original,verified_from_wikimedia_manifest,Exact species: Prunus nigra. Botanical illustration; it does not depict dye preparation.
wild-quinine.jpg,Wild quinine,CC BY-SA 4.0,https://creativecommons.org/licenses/by-sa/4.0,Eric Hunt,Own work,https://commons.wikimedia.org/wiki/File:Parthenium_integrifolium.jpg,https://upload.wikimedia.org/wikipedia/commons/7/7c/Parthenium_integrifolium.jpg?utm_source=commons.wikimedia.org&utm_campaign=imageinfo&utm_content=original,verified_from_wikimedia_manifest,Resolved from the lead image of https://en.wikipedia.org/wiki/Parthenium_integrifolium
wild-rose-hip-tea.jpg,Wild Rose Hip Tea,Could not be independently verified,,Could not be independently verified,Original source and creator were not present in the available project records.,,,unverified_source_retained,Image retained at the owner's direction; replace or verify before public release if licensing cannot be established.
wild-sarsaparilla.jpg,Wild sarsaparilla,Public domain,,Hardyplants at English Wikipedia,Transferred from en.wikipedia to Commons by Zscout370 using CommonsHelper .,https://commons.wikimedia.org/wiki/File:Aralia_nudicaulis_002.jpg,https://upload.wikimedia.org/wikipedia/commons/2/29/Aralia_nudicaulis_002.jpg?utm_source=commons.wikimedia.org&utm_campaign=imageinfo&utm_content=original,verified_from_wikimedia_manifest,Resolved from the lead image of https://en.wikipedia.org/wiki/Aralia_nudicaulis
wild-senna.jpg,Wild Senna,Could not be independently verified,,Could not be independently verified,Original source and creator were not present in the available project records.,,,unverified_source_retained,Image retained at the owner's direction; replace or verify before public release if licensing cannot be established.
wild-strawberry-root-tea.jpg,Wild Strawberry Root Tea,Could not be independently verified,,Could not be independently verified,Original source and creator were not present in the available project records.,,,unverified_source_retained,Image retained at the owner's direction; replace or verify before public release if licensing cannot be established.
wild-tarragon.jpg,Wild tarragon,Public domain,,No machine-readable author provided. Ies assumed (based on copyright claims).,No machine-readable source provided. Own work assumed (based on copyright claims).,https://commons.wikimedia.org/wiki/File:Estragon_1511.jpg,https://upload.wikimedia.org/wikipedia/commons/6/6c/Estragon_1511.jpg?utm_source=commons.wikimedia.org&utm_campaign=imageinfo&utm_content=original,verified_from_wikimedia_manifest,Resolved from the lead image of https://en.wikipedia.org/wiki/Tarragon
wild-yam-root.jpg,Wild Yam Root,Could not be independently verified,,Could not be independently verified,Original source and creator were not present in the available project records.,,,unverified_source_retained,Image retained at the owner's direction; replace or verify before public release if licensing cannot be established.
willow-bark-tea.jpg,Willow Bark Tea,Could not be independently verified,,Could not be independently verified,Original source and creator were not present in the available project records.,,,unverified_source_retained,Image retained at the owner's direction; replace or verify before public release if licensing cannot be established.
willow-california.jpg,Willow California,Could not be independently verified,,Could not be independently verified,Original source and creator were not present in the available project records.,,,unverified_source_retained,Image retained at the owner's direction; replace or verify before public release if licensing cannot be established.
willow.jpg,Willow,CC BY 4.0,https://creativecommons.org/licenses/by/4.0,Olga Aleksandra,Own work,https://commons.wikimedia.org/wiki/File:Dandelion_(Taraxacum)_on_white_willow_(Salix_alba).jpg,https://upload.wikimedia.org/wikipedia/commons/d/d5/Dandelion_%28Taraxacum%29_on_white_willow_%28Salix_alba%29.jpg?utm_source=commons.wikimedia.org&utm_campaign=imageinfo&utm_content=original,verified_from_wikimedia_manifest,
willowherb.jpg,Willowherb,CC BY-SA 4.0,https://creativecommons.org/licenses/by-sa/4.0,"Krzysztof Ziarnek, Kenraiz",Own work,https://commons.wikimedia.org/wiki/File:Epilobium_ciliatum_kz02.jpg,https://upload.wikimedia.org/wikipedia/commons/c/ca/Epilobium_ciliatum_kz02.jpg?utm_source=commons.wikimedia.org&utm_campaign=imageinfo&utm_content=original,verified_from_wikimedia_manifest,
winged-kelp.jpg,Winged kelp,Public domain,,Steve Lonhart / NOAA MBNMS,http://sanctuarymonitoring.org/photos/photo_info.php?photoID=3760&search=gs&s=0&page=1,https://commons.wikimedia.org/wiki/File:Ribbon_kelp_(Alaria_marginata).jpg,https://upload.wikimedia.org/wikipedia/commons/d/da/Ribbon_kelp_%28Alaria_marginata%29.jpg?utm_source=commons.wikimedia.org&utm_campaign=imageinfo&utm_content=original,verified_from_wikimedia_manifest,
winter-savory.jpg,Winter savory,CC BY-SA 3.0,http://creativecommons.org/licenses/by-sa/3.0/,Kurt Stüber [1],caliban.mpiz-koeln.mpg.de/mavica/index.html part of www.biolib.de,https://commons.wikimedia.org/wiki/File:Satureja_montana2.jpg,https://upload.wikimedia.org/wikipedia/commons/a/a7/Satureja_montana2.jpg?utm_source=commons.wikimedia.org&utm_campaign=imageinfo&utm_content=original,verified_from_wikimedia_manifest,Resolved from the lead image of https://en.wikipedia.org/wiki/Winter_savory
winter-squash.jpg,Winter squash,Public domain,,George Chernilevsky,Own work,https://commons.wikimedia.org/wiki/File:Cucurbita_maxima_2019_G2.jpg,https://upload.wikimedia.org/wikipedia/commons/6/6e/Cucurbita_maxima_2019_G2.jpg?utm_source=commons.wikimedia.org&utm_campaign=imageinfo&utm_content=original,verified_from_wikimedia_manifest,Replaced after contact-sheet review rejected a non-field image.
wintercress.jpg,Wintercress,CC BY 4.0,https://creativecommons.org/licenses/by/4.0,Robert Flogaus-Faust,Own work,https://commons.wikimedia.org/wiki/File:Barbarea_vulgaris_RF.jpg,https://upload.wikimedia.org/wikipedia/commons/4/4d/Barbarea_vulgaris_RF.jpg?utm_source=commons.wikimedia.org&utm_campaign=imageinfo&utm_content=original,verified_from_wikimedia_manifest,Recovered through targeted Commons search after lead-image pass.
wintergreen-leaf-tea.jpg,Wintergreen Leaf Tea,Could not be independently verified,,Could not be independently verified,Original source and creator were not present in the available project records.,,,unverified_source_retained,Image retained at the owner's direction; replace or verify before public release if licensing cannot be established.
wintergreen.jpg,Wintergreen,CC BY-SA 4.0,https://creativecommons.org/licenses/by-sa/4.0,"Krzysztof Ziarnek, Kenraiz",Own work,https://commons.wikimedia.org/wiki/File:Gaultheria_procumbens_kz02.jpg,https://upload.wikimedia.org/wikipedia/commons/d/de/Gaultheria_procumbens_kz02.jpg?utm_source=commons.wikimedia.org&utm_campaign=imageinfo&utm_content=original,verified_from_wikimedia_manifest,Recovered through targeted Commons search after lead-image pass.
witch-hazel.jpg,Witch Hazel,Could not be independently verified,,Could not be independently verified,Original source and creator were not present in the available project records.,,,unverified_source_retained,Image retained at the owner's direction; replace or verify before public release if licensing cannot be established.
wolfberry.jpg,Wolfberry,Could not be independently verified,,Could not be independently verified,Original source and creator were not present in the available project records.,,,unverified_source_retained,Image retained at the owner's direction; replace or verify before public release if licensing cannot be established.
wood-ash-lard-paste.jpg,Wood Ash & Lard Paste,CC BY-SA 3.0,https://creativecommons.org/licenses/by-sa/3.0,Laurentius,Own work,https://commons.wikimedia.org/wiki/File:Wood_ash.jpg,https://upload.wikimedia.org/wikipedia/commons/0/09/Wood_ash.jpg?utm_source=commons.wikimedia.org&utm_campaign=imageinfo&utm_content=original,verified_from_wikimedia_manifest,Photograph of wood ash; it does not depict the prepared ash-and-lard paste or its use.
wood-betony-root.jpg,Wood Betony Root,Could not be independently verified,,Could not be independently verified,Original source and creator were not present in the available project records.,,,unverified_source_retained,Image retained at the owner's direction; replace or verify before public release if licensing cannot be established.
wood-sorrel.jpg,Wood Sorrel,Could not be independently verified,,Could not be independently verified,Original source and creator were not present in the available project records.,,,unverified_source_retained,Image retained at the owner's direction; replace or verify before public release if licensing cannot be established.
wormwood-bitters.jpg,Wormwood Bitters,Could not be independently verified,,Could not be independently verified,Original source and creator were not present in the available project records.,,,unverified_source_retained,Image retained at the owner's direction; replace or verify before public release if licensing cannot be established.
yampah.jpg,Yampah,Public domain,,J Schmidt,http://www.nps.gov/archive/yell/slidefile/plants/carrotfamily/Page.htm,https://commons.wikimedia.org/wiki/File:Perideridiamontana.jpg,https://upload.wikimedia.org/wikipedia/commons/f/fe/Perideridiamontana.jpg?utm_source=commons.wikimedia.org&utm_campaign=imageinfo&utm_content=original,verified_from_wikimedia_manifest,Resolved from the lead image of https://en.wikipedia.org/wiki/Perideridia_gairdneri
yarrow-oregon.jpg,Yarrow Oregon,Could not be independently verified,,Could not be independently verified,Original source and creator were not present in the available project records.,,,unverified_source_retained,Image retained at the owner's direction; replace or verify before public release if licensing cannot be established.
yarrow.jpg,Yarrow,CC BY-SA 4.0,https://creativecommons.org/licenses/by-sa/4.0,SAplants,https://commons.wikimedia.org/wiki/File:Achillea_millefolium_5Dsr_9042.jpg,https://commons.wikimedia.org/wiki/File:Achillea_millefolium_(bright).jpg,https://upload.wikimedia.org/wikipedia/commons/1/1a/Achillea_millefolium_%28bright%29.jpg?utm_source=commons.wikimedia.org&utm_campaign=imageinfo&utm_content=original,verified_from_wikimedia_manifest,Resolved from the lead image of https://en.wikipedia.org/wiki/Achillea_millefolium
yaupon-holly-tea.jpg,Yaupon Holly Tea,Could not be independently verified,,Could not be independently verified,Original source and creator were not present in the available project records.,,,unverified_source_retained,Image retained at the owner's direction; replace or verify before public release if licensing cannot be established.
yaupon-holly.jpg,Yaupon holly,CC BY 3.0,https://creativecommons.org/licenses/by/3.0,Luteus,Own work,https://commons.wikimedia.org/wiki/File:Ilex_vomitoria.jpg,https://upload.wikimedia.org/wikipedia/commons/5/53/Ilex_vomitoria.jpg?utm_source=commons.wikimedia.org&utm_campaign=imageinfo&utm_content=original,verified_from_wikimedia_manifest,Resolved from the lead image of https://en.wikipedia.org/wiki/Ilex_vomitoria
yellow-birch-bark.jpg,Yellow Birch Bark,Could not be independently verified,,Could not be independently verified,Original source and creator were not present in the available project records.,,,unverified_source_retained,Image retained at the owner's direction; replace or verify before public release if licensing cannot be established.
yellow-dock.jpg,Yellow Dock,Could not be independently verified,,Could not be independently verified,Original source and creator were not present in the available project records.,,,unverified_source_retained,Image retained at the owner's direction; replace or verify before public release if licensing cannot be established.
yellowroot.jpg,Yellowroot,Could not be independently verified,,Could not be independently verified,Original source and creator were not present in the available project records.,,,unverified_source_retained,Image retained at the owner's direction; replace or verify before public release if licensing cannot be established.
yerba-buena-tea.jpg,Yerba Buena Tea,Could not be independently verified,,Could not be independently verified,Original source and creator were not present in the available project records.,,,unverified_source_retained,Image retained at the owner's direction; replace or verify before public release if licensing cannot be established.
yerba-mansa-root-chumash-california.jpg,"Yerba Mansa Root Tea (Chumash, California)",CC BY-SA 3.0,https://creativecommons.org/licenses/by-sa/3.0,Stan Shebs,Own work,https://commons.wikimedia.org/wiki/File:Anemopsis_californica_1.jpg,https://upload.wikimedia.org/wikipedia/commons/5/50/Anemopsis_californica_1.jpg?utm_source=commons.wikimedia.org&utm_campaign=imageinfo&utm_content=original,verified_from_wikimedia_manifest,Exact species: Anemopsis californica.
yerba-mansa-root.jpg,Yerba Mansa Root,Could not be independently verified,,Could not be independently verified,Original source and creator were not present in the available project records.,,,unverified_source_retained,Image retained at the owner's direction; replace or verify before public release if licensing cannot be established.
yerba-santa-tea.jpg,Yerba Santa Tea,Could not be independently verified,,Could not be independently verified,Original source and creator were not present in the available project records.,,,unverified_source_retained,Image retained at the owner's direction; replace or verify before public release if licensing cannot be established.
yogurt.jpg,Yogurt,CC BY-SA 3.0,http://creativecommons.org/licenses/by-sa/3.0/,No machine-readable author provided. Rainer Zenz assumed (based on copyright claims).,No machine-readable source provided. Own work assumed (based on copyright claims).,https://commons.wikimedia.org/wiki/File:Joghurt.jpg,https://upload.wikimedia.org/wikipedia/commons/b/b8/Joghurt.jpg?utm_source=commons.wikimedia.org&utm_campaign=imageinfo&utm_content=original,verified_from_wikimedia_manifest,
yucca-root.jpg,Yucca Root,Could not be independently verified,,Could not be independently verified,Original source and creator were not present in the available project records.,,,unverified_source_retained,Image retained at the owner's direction; replace or verify before public release if licensing cannot be established.
zabaglione.jpg,Zabaglione,CC BY-SA 4.0,https://creativecommons.org/licenses/by-sa/4.0,Michael Wittwer,Own work,https://commons.wikimedia.org/wiki/File:Zabaglione_2021.jpg,https://upload.wikimedia.org/wikipedia/commons/5/59/Zabaglione_2021.jpg?utm_source=commons.wikimedia.org&utm_campaign=imageinfo&utm_content=original,verified_from_wikimedia_manifest,
american-beautyberry.jpg,American beautyberry,CC BY 4.0,https://creativecommons.org/licenses/by/4.0,Alex Abair,https://www.inaturalist.org/photos/225612223,https://commons.wikimedia.org/wiki/File:Callicarpa_americana_infructescence.jpg,,verified_from_wikimedia_manifest,Attribution retained from the prior catalog; image file is not currently bundled.
closed-gentian.jpg,Closed gentian,Public domain,,USDA,http://plants.usda.gov/java/profile?symbol=GECL,https://commons.wikimedia.org/wiki/File:Gentiana.clausa_NRCS-1.jpg,,verified_from_wikimedia_manifest,Attribution retained from the prior catalog; image file is not currently bundled.
elder.jpg,Elder,CC BY-SA 3.0,http://creativecommons.org/licenses/by-sa/3.0/,User:SB_Johnny,Own work,https://commons.wikimedia.org/wiki/File:Sambucus_canadensis_inflorescence_001.JPG,,verified_from_wikimedia_manifest,Attribution retained from the prior catalog; image file is not currently bundled.
elm.jpg,Elm,CC BY-SA 3.0,https://creativecommons.org/licenses/by-sa/3.0,Ptelea,Own work,"https://commons.wikimedia.org/wiki/File:East_Coker_elm,_2.jpg",,verified_from_wikimedia_manifest,Attribution retained from the prior catalog; image file is not currently bundled.
english-walnut.jpg,English walnut,CC BY-SA 3.0,https://creativecommons.org/licenses/by-sa/3.0,Thesupermat,Own work,https://commons.wikimedia.org/wiki/File:Noyer_centenaire_en_automne.JPG,,verified_from_wikimedia_manifest,Attribution retained from the prior catalog; image file is not currently bundled.
gracilaria-seaweed.jpg,Gracilaria seaweed,CC BY 3.0,https://creativecommons.org/licenses/by/3.0,Emoody26 at English Wikipedia,Transferred from en.wikipedia to Commons,https://commons.wikimedia.org/wiki/File:Gracilaria2.JPG,,verified_from_wikimedia_manifest,Attribution retained from the prior catalog; image file is not currently bundled.
guelder-rose.jpg,Guelder rose,CC BY-SA 3.0,http://creativecommons.org/licenses/by-sa/3.0/,Lestat (Jan Mehlich),Own work,https://commons.wikimedia.org/wiki/File:Viburnum_01.JPG,,verified_from_wikimedia_manifest,Attribution retained from the prior catalog; image file is not currently bundled.
hickory.jpg,Hickory,CC BY-SA 2.5,https://creativecommons.org/licenses/by-sa/2.5,Bruce Marlin,Own work,https://commons.wikimedia.org/wiki/File:Carya_Morton_29-U-10.jpg,,verified_from_wikimedia_manifest,Attribution retained from the prior catalog; image file is not currently bundled.
horseweed.jpg,Horseweed,CC BY-SA 3.0,https://creativecommons.org/licenses/by-sa/3.0,Fritzflohrreynolds,Own work,https://commons.wikimedia.org/wiki/File:Conyza_canadensis_-_Canadian_horseweed.jpg,,verified_from_wikimedia_manifest,Attribution retained from the prior catalog; image file is not currently bundled.
kappaphycus-seaweed.jpg,Kappaphycus seaweed,CC BY 2.0,https://creativecommons.org/licenses/by/2.0,Secretaria de Agricultura e Abastecimento Agriculturasp,https://www.flickr.com/photos/39272011@N07/5257558324/,https://commons.wikimedia.org/wiki/File:Kappaphycus_alvarezii.jpg,,verified_from_wikimedia_manifest,Attribution retained from the prior catalog; image file is not currently bundled.
